1,91.010183,-17.838128,86.373680,-11.168583,86.698236,-11.635452,86.523245,-11.383730
2,87.472497,-19.300772,86.392026,-11.166177,86.769495,-12.169786,86.673841,-12.506412
3,89.650425,-22.759001,86.412736,-11.158773,86.990420,-12.904145,87.784879,-16.544495
4,94.380137,-23.330181,86.435931,-11.172631,87.529273,-13.646856,91.456453,-21.199734
5,91.917575,-19.238180,86.460895,-11.187440,87.859670,-14.052020,92.560413,-21.469626
6,91.116317,-11.969270,86.478470,-11.189287,88.103980,-13.907946,92.241082,-16.221949
7,93.415519,-11.902010,86.484429,-11.188210,88.481329,-13.766529,93.222020,-12.805960
8,97.386422,-6.669322,86.493297,-11.177604,89.112934,-13.259860,96.308957,-7.795140
9,105.265794,-4.141733,86.511199,-11.160400,90.260283,-12.605592,103.193076,-4.033030
10,111.239072,-0.820314,86.529177,-11.147117,91.745518,-11.768269,110.359707,-0.634330
11,110.439813,-5.362033,86.547116,-11.140418,93.070801,-11.313603,112.170377,-3.075961
12,104.413508,-10.634901,86.565300,-11.125763,93.881701,-11.252464,107.369845,-8.716749
13,90.289207,-13.811499,86.583881,-11.108149,93.647507,-11.415216,94.121208,-13.491551
14,79.076177,-13.618870,86.601789,-11.124059,92.644168,-11.584268,80.406941,-14.694533
15,82.081067,0.387004,86.618081,-11.140890,91.919903,-10.761932,78.724352,-3.726231
16,94.279538,3.130497,86.632618,-11.159048,92.098597,-9.806349,89.569463,3.171645
17,86.409934,15.434214,86.645052,-11.177210,91.711954,-8.056400,88.529712,14.243335
18,78.755378,12.519731,86.653861,-11.192990,90.813186,-6.630747,81.098206,15.052424
19,100.550367,-8.982894,86.658558,-11.180066,91.499157,-6.783378,95.340337,-3.199990
20,125.527950,-10.257862,86.658448,-11.172806,93.881070,-7.019839,121.194770,-11.408276
21,107.685695,-6.251821,86.651901,-11.175805,94.841305,-6.968867,114.749918,-9.166950
22,85.857892,-17.037042,86.637364,-11.188667,94.198947,-7.685601,91.617845,-15.614472
23,91.002095,-17.454077,86.627939,-11.170215,93.966402,-8.352234,87.771522,-18.063550
24,98.532048,-8.526203,86.613995,-11.180388,94.273029,-8.373873,95.200891,-10.888181
25,105.222081,2.357470,86.596189,-11.198937,95.022903,-7.639929,104.145276,0.818272
26,119.921803,16.925107,86.586195,-11.211856,96.756532,-5.932392,118.509731,15.865973
27,135.275486,20.722035,86.571440,-11.218418,99.439137,-4.072684,134.609029,22.323437
28,153.372307,23.817187,86.555160,-11.238032,103.199318,-2.138634,152.802206,24.937970
29,179.757946,29.442873,86.539852,-11.267199,108.544186,0.044946,178.193943,29.311636
30,170.303020,11.460089,86.524687,-11.294887,112.853200,0.818256,175.507817,15.085599
31,162.536586,-5.640839,86.508110,-11.322665,116.315621,0.340286,165.025293,-4.013775
32,132.985669,-2.134209,86.491991,-11.348337,117.467534,0.143196,136.768271,-5.176254
33,127.275892,0.439065,86.477821,-11.369919,118.140940,0.143836,124.972512,-1.074591
34,105.475624,-21.815573,86.465782,-11.384700,117.243173,-1.407069,106.287146,-18.299521
35,108.324400,-1.901597,86.455438,-11.400383,116.609239,-1.456271,105.387121,-6.340409
36,130.152232,8.196198,86.446171,-11.418596,117.548629,-0.797537,126.014951,7.175051
37,121.393463,4.564775,86.436767,-11.438852,117.809022,-0.441013,124.372361,6.699237
38,87.595775,-12.136078,86.425925,-11.459916,115.684012,-1.279257,92.878881,-9.294195
39,103.778676,4.073102,86.415999,-11.481749,114.841407,-0.924897,98.761044,0.485264
40,94.440472,1.091577,86.407036,-11.499128,113.405006,-0.799906,95.116348,1.824403
41,90.962232,-8.467908,86.397371,-11.505531,111.825023,-1.342620,91.117690,-6.859999
42,93.195687,-14.162852,86.388955,-11.505158,110.513143,-2.239691,92.444481,-14.128905
43,97.829240,-21.681524,86.378637,-11.516481,109.615674,-3.611148,97.229620,-21.643429
44,92.572128,-17.619045,86.367327,-11.536682,108.412108,-4.610489,93.644192,-19.016764
45,90.339759,-8.212390,86.361079,-11.521554,107.141233,-4.848553,90.437609,-9.349521
46,89.764964,0.219692,86.358100,-11.516612,105.922123,-4.489179,89.482906,0.094263
47,86.858173,0.508607,86.355849,-11.509346,104.585553,-4.132577,87.014757,1.518397
48,79.997890,-2.550448,86.352412,-11.495241,102.861220,-4.008710,80.519700,-1.825674
49,79.366054,-7.142962,86.348314,-11.484106,101.212748,-4.217753,78.846153,-6.848763
50,79.002591,-14.720199,86.343575,-11.475655,99.653629,-4.945064,78.752350,-14.387337
51,80.104755,-27.003426,86.338474,-11.468475,98.280465,-6.482472,79.928817,-26.444239
52,76.810020,-36.652169,86.333241,-11.460852,96.772667,-8.587261,77.224036,-36.779923
53,69.912733,-31.070380,86.330221,-11.451685,94.889662,-10.152554,70.407495,-32.658892
54,97.143041,-19.292132,86.328632,-11.460328,95.045921,-10.800363,93.979270,-20.337290
55,111.988540,2.443266,86.327581,-11.468231,96.230927,-9.880659,112.200688,1.365399
56,89.978114,12.557518,86.328428,-11.472300,95.794018,-8.313771,93.678150,13.412036
57,77.811186,10.227019,86.329826,-11.469272,94.536520,-7.013099,77.917783,11.656730
58,81.085874,-6.642916,86.331447,-11.460727,93.596482,-6.979240,79.461521,-5.085447
59,82.623156,-19.605343,86.333808,-11.449789,92.830545,-7.852894,82.344601,-19.655128
60,79.259915,-27.197090,86.338675,-11.440326,91.885127,-9.198187,79.724382,-27.776257
61,83.415204,-27.678005,86.349115,-11.435534,91.301942,-10.487318,82.952185,-28.380646
62,93.424722,-19.276225,86.368369,-11.442121,91.468443,-11.108668,92.827223,-20.085402
63,91.080290,-4.321182,86.391512,-11.449671,91.462794,-10.640565,91.907747,-4.947032
64,81.191115,4.050712,86.419434,-11.442147,90.769745,-9.605178,81.971315,4.452715
65,83.519832,0.193723,86.447800,-11.440000,90.288631,-8.917259,82.762335,1.193561
66,79.707130,-11.547965,86.473361,-11.442851,89.571698,-9.104060,79.917281,-10.821584
67,75.472162,-16.374052,86.497696,-11.441617,88.607362,-9.611812,75.594070,-16.755384
68,82.240165,-21.802838,86.518561,-11.439555,88.181062,-10.463265,81.535243,-21.886529
69,90.033557,-14.167804,86.536904,-11.431245,88.327796,-10.714855,89.825215,-14.983424
70,103.135393,-10.996469,86.554706,-11.439757,89.380884,-10.742484,102.814792,-10.871781
71,101.825988,-9.657813,86.570360,-11.449565,90.266599,-10.675678,102.634954,-9.478187
72,101.080395,-6.310798,86.582868,-11.464109,91.035197,-10.383663,101.208449,-6.402148
73,101.976022,1.040847,86.593617,-11.481121,91.811052,-9.599768,101.861205,0.791966
74,96.346081,12.912973,86.603718,-11.493152,92.137898,-8.035065,96.672495,12.633005
75,83.961039,25.475082,86.613770,-11.490440,91.574866,-5.686833,84.372534,25.407991
76,69.697903,31.448042,86.622088,-11.492685,90.051214,-3.089479,69.840165,31.785265
77,83.859616,17.407875,86.627419,-11.496448,89.622760,-1.658164,82.466969,18.442939
78,90.391231,-10.790019,86.629369,-11.499175,89.678366,-2.299930,90.544113,-9.983695
79,95.286308,-10.792086,86.626903,-11.499554,90.068629,-2.894733,95.446729,-12.021126
80,93.797386,4.746131,86.619824,-11.506341,90.323059,-2.366185,94.095918,3.852164
81,84.800592,13.650856,86.608869,-11.491251,89.926298,-1.230959,85.155609,13.872113
82,80.990651,4.326208,86.594671,-11.465877,89.287599,-0.818359,80.807631,5.150048
83,89.713913,-11.850738,86.580664,-11.430971,89.304415,-1.558163,89.173040,-11.482172
84,98.517875,-16.130317,86.570093,-11.463087,89.939526,-2.608081,98.457541,-16.583748
85,95.465425,-13.663318,86.565839,-11.488822,90.322382,-3.405882,95.924898,-13.982882
86,95.301364,-8.408204,86.563943,-11.514348,90.669147,-3.779783,95.249822,-8.528680
87,96.429806,4.072528,86.553342,-11.545202,91.062535,-3.258815,96.362371,3.816633
88,99.383746,16.386063,86.537077,-11.570709,91.629893,-1.907396,99.316259,16.369371
89,99.692509,11.350267,86.539921,-11.589098,92.196921,-0.996462,99.775433,11.927033
90,93.208779,2.226037,86.544135,-11.606576,92.271670,-0.787141,93.434674,2.412518
91,103.993651,7.511163,86.540573,-11.619370,93.088896,-0.218158,103.482210,7.068982
92,117.714465,2.125006,86.538190,-11.646636,94.810470,-0.079494,117.574211,2.395358
93,131.493617,-5.623926,86.537481,-11.673097,97.377631,-0.492213,131.494328,-5.519721
94,136.259609,-14.455325,86.535159,-11.680319,100.097209,-1.476348,136.513298,-14.423432
95,105.494557,-32.991289,86.524449,-11.686879,100.465064,-3.688494,106.467008,-32.731463
96,67.299259,-35.339804,86.516368,-11.656193,98.135942,-5.875547,67.562398,-35.738250
97,61.340305,-8.490754,86.507630,-11.620424,95.552121,-6.025347,60.529044,-9.258734
98,88.790309,8.517208,86.500696,-11.591985,95.072346,-4.980920,87.915056,8.707895
99,123.565355,-7.692205,86.499859,-11.611355,97.066078,-5.188724,123.350226,-6.884188
100,96.638211,13.911443,86.499011,-11.636267,97.035339,-3.874880,98.039628,13.107233
101,101.837288,41.274484,86.497101,-11.664839,97.369699,-0.740997,101.232814,41.076677
102,53.677772,36.901589,86.495873,-11.636887,94.310122,1.919980,54.738559,37.578869
103,55.000548,19.419628,86.495414,-11.611646,91.558025,3.168429,54.066156,19.734623
104,71.865169,-14.473099,86.495625,-11.593391,90.179721,1.950499,71.479464,-14.142366
105,73.766166,-31.801206,86.496776,-11.578067,89.031843,-0.397869,74.048304,-32.105432
106,69.465631,-41.528684,86.498894,-11.567297,87.664177,-3.267010,69.603911,-41.693224
107,77.358459,-26.902156,86.500199,-11.559640,86.943991,-4.914349,77.142029,-27.343141
108,108.871968,-5.250347,86.500141,-11.562053,88.478896,-4.940113,108.447396,-5.393286
109,105.166895,15.754860,86.499136,-11.562896,89.646121,-3.492249,105.741376,15.765817
110,86.447183,5.828585,86.496081,-11.560231,89.419354,-2.837312,86.727486,6.335658
111,82.715218,-11.948275,86.493255,-11.557284,88.947437,-3.472338,82.483120,-11.799981
112,74.693389,-27.861585,86.492869,-11.551757,87.949294,-5.174446,74.743863,-27.890847
113,78.747580,-32.263301,86.494713,-11.544095,87.306889,-7.063540,78.574419,-32.437358
114,84.434528,-32.215048,86.499189,-11.537177,87.109986,-8.817712,84.402777,-32.286193
115,89.218918,-35.647324,86.508796,-11.530510,87.266546,-10.689584,89.232606,-35.599499
116,85.299026,-28.846602,86.524432,-11.527933,87.143361,-11.958179,85.417545,-28.981789
117,78.610037,-26.707317,86.541922,-11.528675,86.562294,-12.991309,78.650862,-26.652418
118,80.788600,-22.516580,86.561490,-11.529730,86.176333,-13.659059,80.676190,-22.538765
119,81.377529,-15.067386,86.585766,-11.529877,85.862994,-13.757778,81.392412,-15.108995
120,86.185574,-6.925346,86.613427,-11.522179,85.911299,-13.272349,86.137113,-6.934784
121,88.686984,-4.443495,86.640919,-11.506059,86.131165,-12.639337,88.711823,-4.377646
122,91.014476,-6.168935,86.661073,-11.517200,86.491740,-12.196771,91.017752,-6.119532
123,92.990410,-12.671141,86.674100,-11.514345,86.958762,-12.227321,92.994010,-12.617879
124,95.597490,-16.547944,86.682117,-11.510099,87.570929,-12.525816,95.590824,-16.574571
125,93.391219,-18.107480,86.689423,-11.504590,87.985143,-12.911409,93.440554,-18.132729
126,91.396607,-18.032065,86.701990,-11.504821,88.235634,-13.270069,91.396120,-18.048994
127,91.050451,-12.570569,86.718361,-11.499793,88.447895,-13.216429,91.033961,-12.623161
128,102.213717,-5.821108,86.733910,-11.485996,89.425964,-12.685925,102.104440,-5.834562
129,106.836265,-7.484896,86.749112,-11.460009,90.658823,-12.297685,106.893444,-7.407367
130,99.900595,-8.187077,86.763883,-11.433100,91.319484,-11.984917,100.006408,-8.193420
131,96.331643,-7.004080,86.775571,-11.406706,91.681205,-11.611713,96.304677,-7.021309
132,86.678923,-3.251628,86.783885,-11.432406,91.338777,-11.050407,86.728730,-3.274181
133,75.581610,7.020394,86.789044,-11.455216,90.240573,-9.806664,75.594941,6.966369
134,65.670822,3.031571,86.788805,-11.473765,88.520469,-8.925239,65.661210,3.144609
135,63.318172,-9.582231,86.781950,-11.482605,86.749933,-8.979450,63.258900,-9.511840
136,87.729464,-28.603904,86.769772,-11.479346,86.807174,-10.350130,87.525102,-28.554428
137,124.621662,-26.353847,86.753463,-11.495198,89.439021,-11.485132,124.525257,-26.510519
138,116.499253,-18.521530,86.741830,-11.518806,91.322419,-11.999636,116.822502,-18.565554
139,92.678687,-12.449369,86.719146,-11.525468,91.396261,-12.037313,92.796248,-12.436759
140,71.327951,-9.060444,86.695001,-11.494396,89.969025,-11.800035,71.311321,-9.041296
141,84.761606,-2.507769,86.682138,-11.478669,89.592543,-11.134951,84.529022,-2.528625
142,93.381195,22.269107,86.667071,-11.493493,89.843736,-8.810453,93.407909,22.150119
143,103.554346,40.048784,86.654538,-11.507410,90.791823,-5.403249,103.546522,40.090887
144,115.470118,30.005509,86.645084,-11.518111,92.510512,-2.934588,115.459074,30.178716
145,127.174393,15.421705,86.637109,-11.525590,94.929566,-1.656603,127.175518,15.451984
146,137.935887,5.795553,86.631126,-11.532208,97.934444,-1.141107,137.941519,5.765978
147,144.827208,-5.411027,86.626869,-11.538083,101.212979,-1.445465,144.849482,-5.402660
148,95.586635,-5.428145,86.623940,-11.541995,100.816411,-1.727890,95.900840,-5.490389
149,129.439190,24.362872,86.618965,-11.550187,102.815379,0.090844,128.990777,24.199071
150,58.288095,-22.844011,86.610565,-11.540086,99.690657,-1.505201,58.838656,-22.435933
151,102.146220,-11.596439,86.602227,-11.544413,99.854792,-2.215612,101.558812,-11.893363
152,101.522894,-4.544088,86.593467,-11.545804,99.963412,-2.379900,101.737057,-4.529437
153,94.390631,-13.214936,86.584641,-11.546386,99.565109,-3.138893,94.429118,-13.135163
154,94.283589,-17.814082,86.576638,-11.544383,99.187960,-4.164294,94.249041,-17.832712
155,101.489163,-9.188535,86.571573,-11.540709,99.344334,-4.512574,101.453822,-9.251879
156,93.806776,-3.418810,86.567305,-11.537007,98.952736,-4.432567,93.875436,-3.406385
157,88.165969,-2.805127,86.563576,-11.536322,98.194194,-4.318009,88.157833,-2.781321
158,84.435758,-3.335048,86.560933,-11.531274,97.228645,-4.244508,84.426885,-3.329695
159,85.794652,-3.968888,86.558888,-11.523577,96.426364,-4.218056,85.772524,-3.968458
160,84.786478,-11.872446,86.554984,-11.514646,95.607942,-4.745557,84.796252,-11.841650
161,89.074526,-20.967656,86.549438,-11.512264,95.145444,-5.878889,89.052777,-20.962355
162,88.779763,-24.929757,86.542826,-11.517691,94.693698,-7.217497,88.798040,-24.950670
163,91.143896,-29.253215,86.534748,-11.511612,94.437699,-8.754343,91.133643,-29.252009
164,101.823889,-26.004995,86.526774,-11.505175,94.947317,-9.955903,101.791384,-26.034319
165,103.286467,-21.171439,86.518854,-11.501512,95.523692,-10.737584,103.321191,-21.177825
166,101.846148,-14.988526,86.513049,-11.499394,95.960865,-11.033180,101.857484,-14.993520
167,100.299853,-10.323427,86.509904,-11.494681,96.261669,-10.979115,100.300249,-10.317914
168,100.746011,-8.833516,86.511018,-11.489210,96.576609,-10.823834,100.738872,-8.822092
169,103.671541,-6.980842,86.518605,-11.486039,97.080310,-10.551876,103.662810,-6.982017
170,90.892710,-21.628359,86.533592,-11.487028,96.661116,-11.328149,90.946512,-21.571854
171,79.006884,-26.076023,86.553533,-11.484102,95.443865,-12.357779,79.004482,-26.109694
172,79.766256,-14.805566,86.577487,-11.480786,94.368709,-12.526041,79.724433,-14.857842
173,80.456856,-6.607081,86.604315,-11.473820,93.419829,-12.105235,80.456683,-6.597561
174,86.611092,-5.178299,86.629703,-11.461860,92.966829,-11.609227,86.593932,-5.156608
175,83.522573,-5.392243,86.647965,-11.451544,92.322715,-11.164444,83.551061,-5.386976
176,81.718400,-5.332172,86.657182,-11.457368,91.588985,-10.761601,81.714782,-5.333072
177,86.452937,-14.571486,86.672500,-11.474629,91.243707,-11.044345,86.433329,-14.543799
178,92.418241,-16.175346,86.684282,-11.455185,91.336882,-11.385433,92.414464,-16.197335
179,94.848654,-11.195687,86.694324,-11.454856,91.592045,-11.371845,94.858821,-11.214916
180,97.233601,-6.417510,86.713421,-11.446676,92.004714,-11.017434,97.233852,-6.417024
181,105.939067,-6.510895,86.732466,-11.428429,92.997831,-10.685007,105.921569,-6.497343
182,111.600502,-7.706698,86.747147,-11.411679,94.313671,-10.460948,111.608603,-7.703601
183,109.677170,-6.570571,86.759728,-11.392121,95.400816,-10.170432,109.697476,-6.576785
184,95.031912,-7.931608,86.769337,-11.369940,95.383930,-9.993086,95.065306,-7.925130
185,95.784525,-2.992287,86.775817,-11.344359,95.417997,-9.479240,95.745201,-3.008385
186,102.198530,4.775729,86.777711,-11.319973,95.894396,-8.458713,102.183861,4.768456
187,82.787332,11.866032,86.770674,-11.335316,94.970357,-7.050250,82.851228,11.867596
188,48.380270,13.950425,86.755344,-11.334572,91.694794,-5.579511,48.417223,13.962665
189,50.253914,0.519838,86.745926,-11.309685,88.785173,-5.129411,50.167384,0.557040
190,124.494725,-21.893700,86.721852,-11.310568,91.262453,-6.303733,124.324157,-21.872442
191,135.054297,1.478541,86.696455,-11.350822,94.304264,-5.796410,135.200134,1.372937
192,92.384063,-1.946676,86.683247,-11.379507,94.157566,-5.553606,92.506104,-1.886705
193,80.969176,-28.084716,86.669195,-11.364463,93.221311,-7.116793,80.900071,-28.033392
194,79.418273,-35.825888,86.658064,-11.349092,92.244745,-9.112134,79.395958,-35.865948
195,92.737222,-26.078701,86.648404,-11.364941,92.270235,-10.314533,92.705228,-26.116776
196,98.161386,3.612011,86.638748,-11.377376,92.673635,-9.351240,98.177930,3.569661
197,107.328791,41.123271,86.628816,-11.387109,93.690260,-5.827076,107.321175,41.106817
198,179.070494,42.982538,86.620100,-11.394759,99.658770,-2.417518,178.942397,43.055466
199,178.040963,22.980805,86.611873,-11.401390,105.137873,-0.645802,178.186617,23.025275
200,125.245896,47.931098,86.603647,-11.411868,106.537784,2.744837,125.349481,47.842247
201,152.159034,47.486329,86.594418,-11.425805,109.722688,5.863780,152.004177,47.535150
202,35.451697,-20.933905,86.586165,-11.414779,104.516044,3.998196,35.725694,-20.803198
203,111.682278,1.282609,86.580226,-11.414625,105.012157,3.808248,111.320523,1.112426
204,99.008717,-11.614076,86.573364,-11.411535,104.585535,2.731560,99.171042,-11.550155
205,83.319267,-27.699116,86.564185,-11.410233,103.088359,0.602622,83.326331,-27.692634
206,91.484406,-16.472355,86.555994,-11.415533,102.268465,-0.597555,91.441301,-16.521509
207,98.151410,0.255564,86.549291,-11.418615,101.974037,-0.540702,98.153817,0.245563
208,84.990554,-2.085476,86.543707,-11.415347,100.780001,-0.645798,85.025160,-2.052238
209,83.734283,-9.123580,86.537939,-11.408271,99.581436,-1.232662,83.714056,-9.115333
210,81.572583,-16.876001,86.531419,-11.397456,98.314753,-2.317637,81.573947,-16.874803
211,84.101193,-18.656699,86.524353,-11.391489,97.313232,-3.455822,84.093439,-18.666639
212,85.849024,-15.937613,86.517203,-11.389167,96.504088,-4.327389,85.850260,-15.945035
213,96.892133,-12.532972,86.511485,-11.389240,96.525934,-4.901847,96.877171,-12.534101
214,98.201324,-14.371605,86.507010,-11.385517,96.639049,-5.561267,98.216707,-14.363267
215,92.986452,-15.253867,86.504706,-11.383207,96.381225,-6.237602,92.996757,-15.255324
216,89.633270,-11.017436,86.507584,-11.388559,95.911545,-6.577167,89.630434,-11.025356
217,96.458317,-7.120847,86.516117,-11.380770,95.957754,-6.607981,96.442842,-7.120345
218,95.826671,-7.120801,86.529427,-11.376121,95.960956,-6.639555,95.837769,-7.114962
219,91.384493,-5.572557,86.547611,-11.376853,95.657515,-6.565545,91.390191,-5.574822
220,96.533366,-11.511212,86.569578,-11.378564,95.739254,-6.913333,96.519444,-11.500352
221,86.420170,-13.643237,86.595485,-11.375765,95.111012,-7.381824,86.441966,-13.648632
222,84.481879,-10.869266,86.622787,-11.364396,94.392363,-7.615372,84.470452,-10.876219
223,84.909976,-9.619186,86.643619,-11.361332,93.747970,-7.752789,84.906594,-9.617098
224,84.875139,-16.119626,86.653652,-11.360251,93.136202,-8.337463,84.875761,-16.108975
225,84.857850,-19.945518,86.658653,-11.363864,92.561369,-9.153386,84.857827,-19.949102
226,85.112624,-14.164927,86.669772,-11.381153,92.050297,-9.520273,85.112268,-14.177791
227,95.582208,-14.520908,86.685443,-11.357158,92.312105,-9.848002,95.568773,-14.512827
228,98.455513,-9.567835,86.701355,-11.340631,92.756941,-9.813021,98.465317,-9.574685
229,99.730110,-6.593824,86.718423,-11.329883,93.260937,-9.577681,99.732213,-6.591335
230,108.177259,-3.622437,86.734841,-11.313059,94.320348,-9.145168,108.168199,-3.622408
231,116.277920,-5.196859,86.750724,-11.294028,95.872149,-8.851087,116.278314,-5.191198
232,115.225005,-7.910678,86.763963,-11.277551,97.239162,-8.769935,115.236260,-7.909261
233,93.703246,-14.208282,86.774851,-11.259027,97.001773,-9.133392,93.728094,-14.203937
234,77.624150,-16.341411,86.782503,-11.277187,95.652456,-9.654842,77.617714,-16.346422
235,69.970474,-10.105642,86.786198,-11.294606,93.858154,-9.702597,69.960473,-10.115541
236,87.152378,-3.162501,86.784946,-11.310182,93.387585,-9.259276,87.123420,-3.163352
237,82.570785,13.077987,86.777927,-11.321523,92.623882,-7.706215,82.595704,13.067314
238,79.372058,18.238625,86.765465,-11.322050,91.684664,-5.890566,79.370602,18.251171
239,98.330498,2.569974,86.751312,-11.339253,92.136710,-5.314327,98.305652,2.593334
240,121.900615,-11.096476,86.740626,-11.367354,94.210246,-5.745212,121.895439,-11.098637
241,108.866980,-5.655368,86.719033,-11.384562,95.216135,-5.754926,108.906922,-5.676240
242,88.919574,-12.233622,86.702794,-11.372640,94.760274,-6.197348,88.927165,-12.220708
243,85.029952,-7.197775,86.688366,-11.347550,94.065733,-6.244044,85.012855,-7.210052
244,98.202345,2.796635,86.676492,-11.357886,94.344253,-5.620809,98.184364,2.791337
245,105.179547,10.973366,86.666292,-11.372844,95.093238,-4.473127,105.185935,10.975242
246,120.068770,15.522305,86.656498,-11.386139,96.832417,-3.085811,120.060704,15.526033
247,129.591544,5.938564,86.646404,-11.400026,99.116168,-2.467020,129.596941,5.952870
248,148.664580,9.204067,86.637587,-11.414019,102.576357,-1.663058,148.655063,9.191268
249,162.631384,22.817141,86.630690,-11.424524,106.773795,0.040787,162.636392,22.806880
250,164.696919,1.387679,86.624799,-11.432447,110.822935,0.127701,164.708547,1.421826
251,140.166116,-22.073208,86.618877,-11.439766,112.871450,-1.433170,140.191759,-22.071141
252,110.028562,42.244699,86.611180,-11.450768,112.665290,1.614049,110.033959,42.161152
253,57.844124,-4.759243,86.602045,-11.438422,108.819313,1.179401,57.864839,-4.654816
254,117.664324,-16.097982,86.594526,-11.445988,109.431471,-0.037053,117.560348,-16.130754
255,91.270704,-13.950929,86.586764,-11.447332,108.152998,-1.012273,91.349520,-13.963488
256,107.320531,-10.376922,86.576856,-11.450080,108.085511,-1.670354,107.282347,-10.378222
257,94.760407,-6.792862,86.567895,-11.456025,107.144420,-2.034459,94.785876,-6.792866
258,100.015162,2.497395,86.560365,-11.459445,106.638369,-1.720410,99.999485,2.492344
259,87.809520,0.413191,86.553067,-11.458013,105.313563,-1.569726,87.824743,0.423141
260,88.225374,-5.995943,86.546103,-11.453392,104.110913,-1.875263,88.214505,-5.992167
261,88.253672,-14.816494,86.539598,-11.443857,102.994856,-2.772282,88.253963,-14.814426
262,88.713657,-22.718996,86.534308,-11.434995,101.990253,-4.160311,88.713303,-22.719771
263,87.607019,-21.594586,86.528525,-11.429344,100.978048,-5.375454,87.608328,-21.602139
264,87.613694,-18.441689,86.524621,-11.428437,100.038913,-6.289248,87.612779,-18.443387
265,88.963901,-7.949808,86.520870,-11.432034,99.260174,-6.408832,88.962800,-7.955807
266,93.138364,-10.295071,86.518719,-11.427310,98.829646,-6.676475,93.136081,-10.284705
267,90.677518,-17.439782,86.521111,-11.433937,98.261222,-7.436069,90.682819,-17.435927
268,91.216662,-17.809630,86.528617,-11.424427,97.775084,-8.153375,91.214310,-17.814969
269,99.356278,-12.780914,86.539975,-11.415917,97.896330,-8.469388,99.350332,-12.785148
270,97.373410,-12.533993,86.553580,-11.414606,97.872379,-8.752691,97.381222,-12.530310
271,93.792069,-7.634874,86.569602,-11.417495,97.601657,-8.677131,93.793316,-7.638421
272,91.594820,-7.410957,86.589495,-11.423070,97.199679,-8.593683,91.593773,-7.407436
273,94.311466,-9.877171,86.611329,-11.430705,97.017810,-8.690628,94.307790,-9.875151
274,90.524607,-14.216780,86.630102,-11.428652,96.580745,-9.075549,90.529408,-14.215386
275,88.433444,-16.437658,86.641330,-11.432559,96.020875,-9.594531,88.432211,-16.439211
276,90.000848,-25.769896,86.646098,-11.431998,95.603908,-10.726285,89.998188,-25.764750
277,96.114547,-23.482806,86.649674,-11.430900,95.642978,-11.618220,96.111285,-23.491114
278,95.458945,-15.813424,86.659342,-11.415703,95.639087,-11.897751,95.463740,-15.817249
279,97.442933,-18.958567,86.675798,-11.395345,95.780661,-12.373075,97.441100,-18.950984
280,97.968731,-10.263659,86.691128,-11.377345,95.948082,-12.208676,97.969734,-10.271856
281,104.052610,-5.983821,86.704235,-11.365960,96.527588,-11.762348,104.048796,-5.980817
282,110.676529,-3.413514,86.717818,-11.347768,97.530646,-11.161011,110.676154,-3.412336
283,114.261221,-5.542521,86.732630,-11.325378,98.715562,-10.746894,114.263267,-5.539358
284,106.645795,-8.874127,86.746572,-11.301889,99.283644,-10.593956,106.653251,-8.873321
285,87.224754,-11.062449,86.758825,-11.325052,98.450917,-10.648292,87.232541,-11.063233
286,74.272035,-12.650949,86.768330,-11.346811,96.767235,-10.808713,74.267828,-12.651341
287,65.615182,-11.134447,86.773391,-11.365735,94.591298,-10.849115,65.612394,-11.136449
288,75.477736,-9.561385,86.773060,-11.382052,93.253041,-10.774148,75.465902,-9.561423
289,87.866805,7.365553,86.766440,-11.392910,92.869848,-9.514467,87.865183,7.355851
290,102.834150,11.158718,86.751770,-11.393393,93.553706,-8.067793,102.832536,11.166926
291,104.395364,5.539682,86.734865,-11.409438,94.296900,-7.130192,104.403667,5.545526
292,104.812789,-13.476592,86.718563,-11.434906,95.017851,-7.598125,104.813507,-13.468373
293,101.730291,-16.549129,86.690953,-11.444778,95.462045,-8.233876,101.732406,-16.558793
294,94.851143,-13.955047,86.675811,-11.471030,95.405199,-8.658773,94.853437,-13.958488
295,87.365931,-12.635178,86.660752,-11.456051,94.828446,-8.923191,87.366294,-12.634396
296,91.509130,-4.923999,86.648274,-11.468754,94.584490,-8.655061,91.502274,-4.927781
297,95.261010,5.214536,86.635242,-11.487731,94.619726,-7.701838,95.261225,5.213107
298,105.986265,18.232342,86.622401,-11.505189,95.403442,-5.902681,105.982236,18.230677
299,120.354819,22.383779,86.609033,-11.521718,97.137606,-3.938001,120.352724,22.388856
300,133.945849,22.264618,86.596304,-11.535805,99.702345,-2.116918,133.946289,22.267052
301,158.485182,17.534295,86.585926,-11.547373,103.807492,-0.752091,158.479034,17.536889
302,163.252486,3.955625,86.578238,-11.556667,107.961492,-0.431195,163.263480,3.960553
303,157.373383,-8.323223,86.573412,-11.566925,111.415836,-0.993177,157.379275,-8.323933
304,88.297362,-0.810100,86.567785,-11.556828,109.792309,-0.970972,88.331872,-0.820900
305,79.734583,25.488583,86.561644,-11.543751,107.682557,0.893359,79.701906,25.478406
306,101.069204,-17.406558,86.554984,-11.556832,107.213429,-0.399801,101.053112,-17.369508
307,98.663660,-11.837914,86.548447,-11.562352,106.608866,-1.205602,98.676253,-11.863571
308,111.983626,-8.913130,86.541426,-11.564123,106.978570,-1.746776,111.975384,-8.911799
309,71.213049,-13.885802,86.534792,-11.559767,104.468813,-2.592456,71.241213,-13.881668
310,103.022296,-0.378516,86.529835,-11.564173,104.362947,-2.441579,102.984876,-0.388055
311,95.076917,2.619232,86.526691,-11.566094,103.710001,-2.089108,95.097181,2.624593
312,85.767716,-3.443242,86.523105,-11.562928,102.450706,-2.180953,85.768457,-3.438635
313,91.435278,-7.066811,86.518514,-11.568709,101.675356,-2.528340,91.427746,-7.068036
314,89.923468,-12.371907,86.513915,-11.560337,100.848448,-3.209603,89.927029,-12.371067
315,86.925510,-15.379479,86.508217,-11.555549,99.868543,-4.057042,86.926252,-15.380612
316,88.636471,-16.084987,86.502129,-11.553397,99.076636,-4.896996,88.634168,-16.086115
317,86.390994,-15.386327,86.497330,-11.554510,98.184178,-5.632285,86.392908,-15.387010
318,89.859029,-10.560434,86.492922,-11.558386,97.597318,-5.980860,89.856290,-10.562417
319,89.194533,-16.282937,86.489252,-11.563441,97.005710,-6.706707,89.196495,-16.277921
320,90.628853,-24.429111,86.488755,-11.567789,96.558868,-7.951318,90.627869,-24.427960
321,90.738003,-22.429224,86.492232,-11.574052,96.154641,-8.970597,90.738622,-22.433969
322,97.513949,-18.272344,86.500393,-11.568301,96.257382,-9.616370,97.510863,-18.273345
323,98.617011,-11.417678,86.511772,-11.568474,96.433139,-9.742623,98.619614,-11.418919
324,96.210237,-9.796729,86.526896,-11.571816,96.431601,-9.749518,96.211842,-9.794348
325,96.197865,-14.621907,86.545229,-11.575619,96.432289,-10.094122,96.196786,-14.618993
326,88.897070,-14.911178,86.566303,-11.567586,95.924423,-10.423845,88.900330,-14.913200
327,85.231608,-11.101079,86.589301,-11.553591,95.197313,-10.458237,85.230001,-11.102899
328,85.244237,-10.623576,86.608285,-11.545540,94.518253,-10.462323,85.242614,-10.622114
329,86.408228,-17.075077,86.618722,-11.544190,93.960258,-10.923960,86.407721,-17.072055
330,89.202957,-19.284640,86.623679,-11.543386,93.631857,-11.508460,89.202250,-19.286471
331,86.138805,-19.785322,86.633581,-11.554304,93.116552,-12.097994,86.141318,-19.786064
332,87.830408,-12.972108,86.649493,-11.573972,92.761320,-12.177473,87.828392,-12.975222
333,92.588379,-9.969805,86.666456,-11.554025,92.764990,-12.004386,92.587083,-9.968185
334,96.798111,-6.258087,86.681975,-11.544826,93.061741,-11.593590,96.798339,-6.258385
335,101.918140,-1.854871,86.697174,-11.530630,93.695824,-10.898677,101.917764,-1.855156
336,109.353461,1.188598,86.713008,-11.511680,94.806584,-10.034944,109.352509,1.189159
337,113.609112,-3.103546,86.727672,-11.492752,96.136399,-9.532144,113.610407,-3.100554
338,107.282615,-10.374548,86.739771,-11.472341,96.927886,-9.572130,107.286896,-10.373339
339,92.523552,-13.135329,86.749281,-11.451366,96.628427,-9.802046,92.526938,-13.137137
340,82.124803,-14.167758,86.755220,-11.471129,95.618697,-10.126026,82.123069,-14.168465
341,82.712354,-8.117271,86.756460,-11.490132,94.716406,-10.003086,82.708014,-8.120066
342,88.593522,-8.762445,86.750317,-11.501870,94.282091,-9.927157,88.591443,-8.759825
343,97.053725,1.955408,86.734192,-11.506199,94.461109,-9.099404,97.052719,1.951004
344,83.354578,15.053021,86.718922,-11.479377,93.669450,-7.383790,83.363111,15.052110
345,80.911849,9.446540,86.696896,-11.464977,92.755935,-6.192275,80.907557,9.453680
346,102.410031,-14.552065,86.667863,-11.501216,93.404721,-6.811162,102.400949,-14.545107
347,118.224928,-14.885608,86.651010,-11.533390,95.126461,-7.406296,118.227060,-14.894498
348,100.824940,-9.588173,86.640856,-11.539497,95.515912,-7.564707,100.837335,-9.590276
349,89.199254,-14.996535,86.626646,-11.523443,95.060531,-8.070004,89.197129,-14.992565
350,89.808655,-10.729484,86.614447,-11.509330,94.681554,-8.243043,89.804157,-10.733031
351,91.360824,-5.646933,86.602945,-11.520715,94.438407,-8.071903,91.360477,-5.647245
352,93.036974,5.721540,86.590015,-11.532303,94.328281,-7.117139,93.036930,5.719269
353,97.795047,19.247718,86.578631,-11.540986,94.560368,-5.279674,97.793943,19.246943
354,118.656041,30.036767,86.570817,-11.548130,96.239798,-2.814167,118.650313,30.037741
355,159.754109,9.606157,86.563309,-11.559050,100.678817,-1.954900,159.746960,9.617177
356,163.490172,10.514678,86.553400,-11.572622,105.066397,-1.094651,163.503251,10.507214
357,117.448773,27.242657,86.544594,-11.591462,105.924973,0.871439,117.466091,27.237145
358,150.916541,28.801426,86.536828,-11.605179,109.067160,2.813781,150.889131,28.806657
359,42.565851,-26.834783,86.529319,-11.598913,104.405086,0.744209,42.614358,-26.815192
360,108.340318,0.354684,86.521887,-11.605393,104.673640,0.710916,108.281232,0.326565
361,105.657274,-20.632662,86.515242,-11.614070,104.736315,-0.791204,105.680274,-20.616458
362,84.395271,-39.962151,86.509896,-11.605952,103.307470,-3.525621,84.401530,-39.962674
363,126.474664,-16.955597,86.504719,-11.612902,104.924359,-4.472182,126.453631,-16.969665
364,95.729036,6.897797,86.500426,-11.621141,104.276694,-3.683946,95.753013,6.897503
365,89.863533,2.305713,86.495271,-11.609222,103.262979,-3.253585,89.855425,2.315028
366,90.137691,-6.778038,86.491125,-11.596782,102.340352,-3.488728,90.135683,-6.776570
367,85.967324,-13.549036,86.487508,-11.585875,101.190876,-4.182806,85.968757,-13.549783
368,86.077357,-14.206900,86.484086,-11.577430,100.129747,-4.876639,86.075990,-14.208857
369,84.523871,-13.022959,86.480981,-11.571650,99.034449,-5.441505,84.524397,-13.023546
370,86.710079,-5.056840,86.478167,-11.570123,98.169126,-5.413159,86.708901,-5.058979
371,91.118330,-2.375998,86.474713,-11.568554,97.672358,-5.199098,91.117634,-2.374346
372,88.104525,-5.965056,86.471312,-11.570037,96.999447,-5.254095,88.106829,-5.963108
373,84.897689,-7.316075,86.469033,-11.568724,96.150204,-5.397213,84.897751,-7.316763
374,87.147788,-9.103428,86.470986,-11.565923,95.521852,-5.654042,87.146119,-9.103296
375,84.433287,-9.545101,86.476446,-11.566051,94.750730,-5.926535,84.434795,-9.545511
376,83.940007,-4.248394,86.486524,-11.567085,94.003352,-5.810027,83.939340,-4.250126
377,83.787630,-4.566453,86.501363,-11.564051,93.302051,-5.720156,83.787528,-4.564771
378,85.908800,-12.874132,86.519797,-11.557980,92.801667,-6.215288,85.908125,-12.871753
379,87.107887,-15.990472,86.540056,-11.553356,92.421944,-6.895250,87.108159,-15.992004
380,80.237669,-13.953473,86.562143,-11.553299,91.589585,-7.389273,80.240036,-13.954987
381,84.378713,-18.461706,86.583333,-11.549993,91.104531,-8.161269,84.375509,-18.459801
382,88.553775,-19.913743,86.597064,-11.542039,90.938748,-8.976545,88.553759,-19.914623
383,88.775387,-23.708155,86.606509,-11.537366,90.796097,-10.003412,88.776521,-23.707485
384,93.225671,-22.675853,86.617750,-11.535867,90.976621,-10.889089,93.224468,-22.677228
385,96.116703,-18.446205,86.628440,-11.530453,91.346368,-11.413052,96.117142,-18.447110
386,88.414609,-10.419619,86.639330,-11.535548,91.151273,-11.348250,88.417587,-10.420690
387,87.586670,-6.208899,86.652192,-11.543078,90.913712,-10.995498,87.584755,-6.207836
388,95.400382,-0.085667,86.665088,-11.539233,91.239773,-10.228234,95.397984,-0.086192
389,105.165079,5.976759,86.676831,-11.544535,92.225464,-9.098815,105.164541,5.976773
390,108.209867,-1.458363,86.688176,-11.552318,93.354924,-8.571222,108.211704,-1.454674
391,109.614221,-5.771126,86.697031,-11.558694,94.501310,-8.381145,109.614667,-5.771970
392,106.163136,-7.784996,86.704020,-11.562995,95.324138,-8.343414,106.164445,-7.785617
393,99.169103,-10.144003,86.709221,-11.565516,95.598122,-8.471800,99.170052,-10.143911
394,84.218189,-11.381526,86.712325,-11.564943,94.804413,-8.674948,84.220305,-11.381823
395,77.011383,-4.015303,86.712834,-11.565484,93.559375,-8.349276,77.009338,-4.017577
396,77.385028,7.900749,86.709875,-11.566045,92.424418,-7.212295,77.383036,7.899553
397,82.856780,18.647285,86.702306,-11.565425,91.747644,-5.401549,82.855449,18.647589
398,96.294077,19.611900,86.689957,-11.570942,92.054410,-3.655738,96.292013,19.614431
399,109.785277,16.462503,86.672866,-11.585217,93.279677,-2.260737,109.785260,16.463561
400,104.837341,17.815967,86.653330,-11.609286,94.070544,-0.877751,104.842051,17.814814
401,87.268881,9.944771,86.635879,-11.576448,93.578198,-0.089636,87.272088,9.947125
402,90.011156,-4.247669,86.622966,-11.538894,93.316496,-0.345773,90.006039,-4.246073
403,97.059336,-4.860747,86.612156,-11.564633,93.568442,-0.685758,97.058254,-4.864162
404,90.789080,-3.330438,86.602693,-11.556027,93.365086,-0.862882,90.792394,-3.330966
405,87.999493,-5.387053,86.598643,-11.557764,92.985728,-1.181190,87.998637,-5.386169
406,88.036661,-4.963155,86.593780,-11.554613,92.634771,-1.442997,88.035965,-4.963762
407,89.827250,-2.350108,86.591037,-11.541205,92.435693,-1.494026,89.826823,-2.350640
408,91.320770,4.157996,86.593891,-11.544614,92.360303,-1.101554,91.320843,4.157048
409,94.253792,17.091406,86.594976,-11.547936,92.493856,0.168863,94.253445,17.089858
410,101.174447,28.089810,86.587277,-11.570320,93.094338,2.102512,101.173490,28.090267
411,101.396083,26.638548,86.579865,-11.598517,93.668567,3.793812,101.397674,26.641506
412,109.336094,18.548736,86.574808,-11.615752,94.760590,4.810629,109.334274,18.550308
413,118.420976,-7.367231,86.570926,-11.623270,96.413207,3.951186,118.420706,-7.363047
414,117.395006,-22.594012,86.566363,-11.624050,97.877690,2.092297,117.397363,-22.596499
415,102.306181,-34.108249,86.558858,-11.620323,98.180705,-0.438275,102.309439,-34.109110
416,97.521215,-38.331695,86.552413,-11.630486,98.128546,-3.100267,97.518846,-38.333377
417,101.976021,-32.445867,86.545797,-11.657046,98.391716,-5.179159,101.973905,-32.448183
418,117.024868,-16.938818,86.538583,-11.693953,99.689328,-6.036658,117.022460,-16.941008
419,119.638856,-8.034286,86.534141,-11.721995,101.081664,-6.202571,119.641663,-8.032794
420,95.228053,4.158357,86.532029,-11.742142,100.669947,-5.496044,95.234120,4.157623
421,99.549990,11.751206,86.529693,-11.765210,100.589378,-4.310189,99.543586,11.752230
422,87.753772,28.131914,86.528555,-11.743110,99.689827,-2.018689,87.757338,28.129978
423,52.984640,30.468376,86.527485,-11.724166,96.419468,0.273024,52.989704,30.471467
424,51.778482,17.044278,86.524842,-11.708008,93.292142,1.462038,51.771139,17.047729
425,81.917012,16.284801,86.521155,-11.691096,92.492454,2.515360,81.910188,16.282048
426,97.466381,10.003123,86.519077,-11.709683,92.838696,3.022217,97.469533,10.004307
427,79.434998,1.435968,86.517812,-11.692306,91.899261,2.927340,79.442216,1.436468
428,61.424346,-8.445826,86.516542,-11.678070,89.764835,2.144459,61.424346,-8.445545
429,56.071746,-15.931159,86.514873,-11.668267,87.404767,0.888281,56.069058,-15.931669
430,65.402021,-19.490661,86.512945,-11.661636,85.862782,-0.532077,65.398922,-19.491490
431,85.328342,-18.300235,86.511482,-11.652414,85.824011,-1.767272,85.326119,-18.301231
432,107.026171,-3.540049,86.511673,-11.665556,87.308340,-1.903589,107.025802,-3.542882
433,100.132655,15.058753,86.513913,-11.680016,88.208125,-0.729672,100.138577,15.057956
434,77.297829,16.157656,86.515670,-11.667127,87.446038,0.464428,77.301114,16.161264
435,69.438630,4.533424,86.517921,-11.658112,86.187613,0.757641,69.435567,4.536029
436,69.006833,-3.860136,86.521901,-11.650622,84.988660,0.441363,69.005320,-3.860793
437,69.396987,-11.619682,86.528139,-11.642035,83.903044,-0.394924,69.396821,-11.619811
438,69.502282,-18.754516,86.540958,-11.633615,82.906913,-1.672266,69.502341,-18.754641
439,75.267876,-25.848026,86.562059,-11.623678,82.391804,-3.355327,75.266747,-25.848034
440,83.925242,-22.991398,86.591557,-11.611842,82.526577,-4.718844,83.924669,-22.993374
441,82.788374,-13.958966,86.626727,-11.598994,82.577611,-5.353704,82.790309,-13.960186
442,77.063564,-9.072421,86.662210,-11.588509,82.224628,-5.604264,77.064466,-9.071608
443,76.181504,-10.168678,86.695521,-11.578058,81.832588,-5.914053,76.180559,-10.167510
444,80.095054,-11.270719,86.720175,-11.569341,81.733889,-6.280913,80.094121,-11.270718
445,90.219854,-7.782248,86.739715,-11.561786,82.346079,-6.378980,90.218655,-7.783134
446,89.451520,-11.294983,86.760110,-11.550388,82.862427,-6.712501,89.453608,-11.293640
447,76.076100,-20.634234,86.784817,-11.546401,82.410361,-7.683314,76.078506,-20.633124
448,75.393505,-20.241618,86.809918,-11.550556,81.942525,-8.566259,75.391100,-20.243463
449,78.907093,-24.199496,86.834874,-11.562642,81.753254,-9.671825,78.906300,-24.198679
450,84.621992,-21.492211,86.860032,-11.580997,81.977462,-10.516323,84.621579,-21.493460
451,94.519074,-11.855316,86.881627,-11.560698,82.875459,-10.591175,94.518294,-11.856600
452,98.628947,-6.676300,86.898015,-11.541199,83.993444,-10.298999,98.630017,-6.675475
453,98.675103,-2.228579,86.909943,-11.524866,85.032253,-9.718880,98.675851,-2.228445
454,108.789485,3.242317,86.917050,-11.514250,86.701869,-8.801723,108.787642,3.242128
455,108.803104,10.160155,86.918667,-11.509382,88.250459,-7.469865,108.804941,10.159890
456,94.568033,18.042953,86.915134,-11.510876,88.689404,-5.685357,94.570612,18.042777
457,91.943025,23.486748,86.907356,-11.518851,88.909923,-3.650726,91.940935,23.487186
458,86.599732,11.408133,86.896103,-11.504417,88.737745,-2.583182,86.600217,11.411273
459,72.346235,-2.560026,86.880692,-11.489382,87.576007,-2.567579,72.347820,-2.559688
460,84.358945,-17.796861,86.859985,-11.475659,87.331555,-3.620866,84.354297,-17.796637
461,96.177485,-25.913965,86.840772,-11.500551,87.932902,-5.204533,96.177517,-25.915224
462,95.620830,-25.378540,86.825452,-11.519772,88.456810,-6.634589,95.622997,-25.380054
463,101.247853,-21.169568,86.813912,-11.542331,89.341451,-7.673018,101.246779,-21.170209
464,99.610434,-18.483890,86.803135,-11.556919,90.050257,-8.443346,99.611690,-18.483625
465,106.808556,-7.251923,86.793597,-11.560146,91.214467,-8.362947,106.807037,-7.253391
466,122.557889,13.153933,86.778947,-11.584393,93.394882,-6.879315,122.556424,13.152359
467,129.847938,31.498790,86.765640,-11.609952,95.934220,-4.216617,129.849377,31.499140
468,134.755155,40.333729,86.753216,-11.629123,98.640132,-1.115922,134.755560,40.335340
469,135.816128,19.234285,86.739645,-11.647692,101.229830,0.291323,135.816775,19.239325
470,137.703552,3.023350,86.729393,-11.663521,103.773457,0.467844,137.703415,3.022534
471,155.161301,11.851259,86.724504,-11.673239,107.366059,1.255646,155.158709,11.847090
472,153.404958,4.983538,86.718990,-11.680793,110.583654,1.509572,153.408138,4.986135
473,152.561346,-2.306036,86.711401,-11.690801,113.515035,1.233172,152.561198,-2.305964
474,145.266489,-10.820186,86.702377,-11.704609,115.729244,0.376596,145.267545,-10.819987
475,82.281401,-28.291559,86.694646,-11.691342,113.380705,-1.617836,82.290475,-28.290095
476,123.007039,1.613410,86.688944,-11.700959,114.049246,-1.400594,122.990238,1.605730
477,109.573378,-20.634803,86.683691,-11.707792,113.731050,-2.753343,109.582097,-20.626401
478,104.143375,-8.101388,86.677938,-11.714422,113.054562,-3.133871,104.142099,-8.106959
479,122.374754,15.377708,86.671746,-11.722657,113.701217,-1.845720,122.370980,15.375959
480,61.191649,13.249112,86.666724,-11.718460,110.020877,-0.785178,61.204243,13.253176
481,85.792172,15.219245,86.663087,-11.717691,108.321485,0.335847,85.778646,15.218600
482,95.596901,10.672672,86.658455,-11.721579,107.426457,1.055809,95.599214,10.673693
483,84.144804,-1.553477,86.653105,-11.716194,105.791765,0.878167,84.148125,-1.552276
484,86.921630,-12.823120,86.647962,-11.711194,104.466073,-0.076274,86.919422,-12.823268
485,90.098609,-26.499235,86.641723,-11.709168,103.454548,-1.923996,90.098545,-26.498864
486,89.219114,-29.699742,86.634298,-11.709976,102.451162,-3.869051,89.219737,-29.701352
487,85.197100,-16.650650,86.627743,-11.710952,101.237282,-4.764669,85.197580,-16.653134
488,85.860890,-0.457411,86.623795,-11.708996,100.157263,-4.461342,85.860178,-0.457889
489,91.915810,2.447606,86.623112,-11.710212,99.579726,-3.978847,91.914995,2.449616
490,90.716806,-5.656646,86.628824,-11.712464,98.964634,-4.098388,90.717898,-5.654989
491,89.374589,-14.924487,86.642060,-11.714411,98.305640,-4.858025,89.374612,-14.924312
492,90.687134,-18.406747,86.661340,-11.714536,97.790275,-5.806552,90.686739,-18.407608
493,91.973850,-21.948903,86.683224,-11.716668,97.403478,-6.938499,91.973854,-21.948895
494,92.903851,-23.683605,86.705071,-11.724147,97.108821,-8.117612,92.903903,-23.683872
495,92.540891,-15.867789,86.727671,-11.741340,96.810084,-8.676114,92.541081,-15.869191
496,95.956001,-9.007686,86.746766,-11.751541,96.768057,-8.708811,95.955449,-9.007546
497,92.481545,-7.834486,86.754930,-11.753360,96.475594,-8.649300,92.482543,-7.833659
498,87.746346,-9.314618,86.759368,-11.754162,95.868673,-8.696618,87.746528,-9.314234
499,87.218717,-11.839501,86.772326,-11.767964,95.275228,-8.929455,87.218114,-11.839353
500,84.502601,-10.717437,86.788263,-11.784840,94.535965,-9.070309,84.502914,-10.717959
501,88.359780,-8.860051,86.801764,-11.793595,94.116188,-9.063733,88.358846,-8.860154
502,85.547479,-6.888694,86.816831,-11.795616,93.530390,-8.913360,85.548423,-6.888709
503,92.286628,-8.920322,86.832641,-11.784334,93.458031,-8.903355,92.285284,-8.919756
504,96.850892,-5.662249,86.847665,-11.768711,93.709503,-8.661948,96.851196,-5.662989
505,103.448591,-9.923155,86.862273,-11.750796,94.404825,-8.733571,103.448308,-9.922107
506,114.267273,-11.184384,86.875199,-11.731262,95.807217,-8.886962,114.266688,-11.184799
507,117.151567,-13.129050,86.885789,-11.712206,97.311170,-9.166186,117.152661,-13.128956
508,107.802609,-15.765355,86.893343,-11.693217,98.052596,-9.610468,107.804289,-15.765260
509,84.764537,-12.881895,86.896367,-11.708794,97.125244,-9.853954,84.766406,-12.882654
510,72.753814,-12.272550,86.894712,-11.719768,95.417705,-10.033462,72.752315,-12.272241
511,77.218071,0.866377,86.888411,-11.724240,94.137871,-9.274632,77.215842,0.864683
512,96.292243,-1.058770,86.878606,-11.728150,94.279559,-8.703159,96.290276,-1.056743
513,81.119073,21.100925,86.867498,-11.710393,93.347994,-6.600359,81.123659,21.097704
514,70.555545,17.173993,86.854509,-11.695966,91.740443,-4.922737,70.554932,17.177468
515,85.499257,-4.317480,86.829527,-11.691234,91.280326,-4.875968,85.495872,-4.315150
516,119.261512,-18.592527,86.818408,-11.706673,93.228669,-5.850486,119.259029,-18.593482
517,115.689731,-11.593094,86.800074,-11.727287,94.783892,-6.271639,115.694633,-11.595889
518,92.716292,-13.566891,86.788445,-11.741234,94.628346,-6.795277,92.718831,-13.565718
519,86.848166,-10.826991,86.776864,-11.723031,94.072962,-7.060569,86.845942,-10.827599
520,95.458303,-3.760201,86.765112,-11.740028,94.159007,-6.845350,95.456428,-3.760766
521,100.971620,3.161122,86.754235,-11.756961,94.625775,-6.160645,100.972019,3.161140
522,108.205532,8.074804,86.744450,-11.769656,95.567257,-5.175969,108.205312,8.075062
523,120.054860,9.894581,86.736339,-11.775534,97.273846,-4.126497,120.054271,9.894977
524,135.564115,10.327973,86.729922,-11.777748,99.948197,-3.116743,135.563651,10.328149
525,160.515170,15.118791,86.724535,-11.777777,104.182876,-1.840283,160.513977,15.118240
526,162.554303,4.984187,86.717668,-11.780501,108.262489,-1.365104,162.557184,4.986063
527,158.705342,-13.769712,86.708513,-11.791566,111.784974,-2.243717,158.706079,-13.768634
528,101.409277,-17.617937,86.699337,-11.801711,111.050142,-3.329347,101.415933,-17.619793
529,79.058809,16.795186,86.691551,-11.798131,108.803508,-1.917300,79.054480,16.790444
530,128.794934,8.984030,86.684399,-11.799764,110.196256,-1.155726,128.786038,8.989237
531,103.355329,-19.206149,86.676676,-11.805755,109.710209,-2.424827,103.364558,-19.203644
532,92.905960,-1.724265,86.669576,-11.811715,108.527309,-2.381330,92.904133,-1.729846
533,99.311452,-1.779977,86.662359,-11.816733,107.875487,-2.343902,99.309400,-1.777846
534,90.885196,-2.879883,86.655345,-11.810859,106.679643,-2.375958,90.886991,-2.879754
535,94.955487,-4.041165,86.649025,-11.818975,105.853075,-2.500071,94.953982,-4.041160
536,87.363318,-9.231886,86.641405,-11.812738,104.551705,-2.965497,87.364716,-9.231401
537,94.223608,-13.110451,86.634112,-11.815324,103.821956,-3.678049,94.221883,-13.110608
538,88.449009,-17.629603,86.627591,-11.815318,102.739785,-4.654652,88.450510,-17.629526
539,89.241255,-22.387836,86.621221,-11.817306,101.788964,-5.897824,89.240479,-22.387808
540,89.011040,-22.388415,86.615733,-11.819531,100.889406,-7.054235,89.011160,-22.388975
541,83.272968,-13.604697,86.614089,-11.822733,99.654726,-7.515745,83.273614,-13.605726
542,91.238416,-4.196011,86.617082,-11.815723,99.068368,-7.276844,91.236818,-4.196083
543,92.231968,-1.367656,86.625737,-11.806495,98.597869,-6.854619,92.232777,-1.366892
544,96.048877,-7.468451,86.638526,-11.801409,98.431333,-6.892858,96.048551,-7.467419
545,94.215804,-12.733208,86.654963,-11.798977,98.151533,-7.299420,94.216454,-12.733304
546,97.621787,-7.386821,86.674978,-11.795474,98.133064,-7.302280,97.621187,-7.388037
547,100.493867,-9.137828,86.699682,-11.791468,98.321295,-7.427043,100.493929,-9.137020
548,90.262369,-6.799858,86.726409,-11.785488,97.782026,-7.377579,90.263856,-6.800322
549,90.649191,-10.598833,86.749077,-11.775278,97.303809,-7.593571,90.647992,-10.598139
550,84.228480,-11.606779,86.760744,-11.771172,96.399386,-7.870677,84.229244,-11.607093
551,84.364018,-14.068652,86.764009,-11.765161,95.559948,-8.298945,84.363283,-14.068489
552,91.953939,-20.101956,86.767949,-11.761016,95.311191,-9.121301,91.953108,-20.101558
553,92.863674,-23.664223,86.777337,-11.747177,95.148596,-10.126435,92.864416,-23.664496
554,94.841233,-19.398077,86.793072,-11.730079,95.141714,-10.759549,94.841116,-19.398941
555,91.159062,-13.281177,86.808131,-11.715641,94.876933,-10.922636,91.159685,-13.281381
556,93.265522,-16.897250,86.822236,-11.701027,94.777251,-11.327268,93.264889,-16.896184
557,95.779238,-12.678114,86.836290,-11.680971,94.860461,-11.403175,95.779193,-12.678967
558,97.643818,-7.403656,86.850658,-11.658651,95.068659,-11.102451,97.643888,-7.403770
559,101.049098,0.877947,86.863361,-11.637026,95.499103,-10.243712,101.048931,0.877622
560,107.025013,1.069619,86.872542,-11.615231,96.314455,-9.431509,107.024737,1.070489
561,111.452505,-2.025796,86.878157,-11.594403,97.379340,-8.893740,111.452671,-2.025444
562,109.825773,-9.300139,86.879518,-11.575643,98.251857,-8.904740,109.826418,-9.299694
563,86.368283,-16.140875,86.875114,-11.591056,97.415911,-9.425604,86.370599,-16.140925
564,72.189634,-18.132496,86.863649,-11.596716,95.639408,-10.040350,72.188654,-18.133007
565,66.962602,-5.684011,86.852338,-11.586316,93.621513,-9.725734,66.961660,-5.685528
566,73.786243,2.155642,86.841784,-11.565516,92.223229,-8.874694,73.784981,2.156125
567,86.366247,9.625932,86.815438,-11.549779,91.788739,-7.565015,86.365645,9.625970
568,90.796088,9.769562,86.799817,-11.532891,91.704725,-6.335888,90.796935,9.770323
569,103.294324,-0.660705,86.786824,-11.551971,92.503914,-5.956370,103.293491,-0.659615
570,113.975375,-16.632898,86.773161,-11.566000,93.994209,-6.716774,113.975562,-16.632327
571,110.182145,-17.263119,86.762675,-11.582893,95.117613,-7.470728,110.183629,-17.264692
572,95.587764,-14.901902,86.752246,-11.597995,95.140825,-8.004956,95.588866,-14.902208
573,83.078093,-10.395136,86.741457,-11.583583,94.286399,-8.158865,83.077881,-10.395351
574,88.544800,-7.181995,86.731823,-11.569816,93.875528,-8.077681,88.542982,-7.181864
575,97.842958,-2.135418,86.723990,-11.581020,94.145963,-7.672143,97.842572,-2.135605
576,107.544083,4.909453,86.716957,-11.588744,95.077291,-6.798614,107.544043,4.909252
577,112.822685,5.175576,86.709913,-11.595931,96.312917,-5.967104,112.823126,5.176253
578,126.048265,20.521674,86.700947,-11.604979,98.386054,-4.121305,126.047474,20.520174
579,155.609242,19.331538,86.690939,-11.617068,102.382369,-2.490848,155.607624,19.333174
580,164.297742,-0.270793,86.682877,-11.627148,106.708948,-2.344820,164.299800,-0.268977
581,132.609020,-9.035031,86.675141,-11.625490,108.514759,-2.811592,132.612984,-9.036093
582,66.535179,32.461277,86.666263,-11.627056,105.567931,-0.343948,66.538541,32.456363
583,93.359551,4.184929,86.657661,-11.628614,104.705345,-0.028375,93.350509,4.191719
584,99.944738,-9.932021,86.650100,-11.629632,104.365071,-0.722577,99.946697,-9.933391
585,103.510665,-10.557622,86.643557,-11.630686,104.299177,-1.412011,103.510958,-10.558925
586,91.046596,-15.220167,86.636559,-11.630546,103.364989,-2.378451,91.048137,-15.219779
587,102.434425,-6.227396,86.630346,-11.636048,103.294070,-2.652994,102.432143,-6.228703
588,99.372343,-1.064707,86.622180,-11.643810,103.011955,-2.549032,99.373720,-1.064342
589,88.858512,-5.591960,86.613641,-11.639576,102.013273,-2.758100,88.859220,-5.591039
590,90.396471,-13.268532,86.606351,-11.638923,101.193317,-3.493223,90.395332,-13.268234
591,90.173861,-20.766332,86.601713,-11.641253,100.417642,-4.704508,90.174027,-20.766349
592,88.946122,-25.439812,86.600577,-11.641597,99.613579,-6.156298,88.946217,-25.440076
593,88.016487,-23.582601,86.603978,-11.643945,98.804946,-7.378324,88.016460,-23.583211
594,89.830852,-14.293328,86.612709,-11.649926,98.184879,-7.867937,89.830598,-14.294020
595,92.071365,-6.416824,86.626585,-11.643587,97.769838,-7.760463,92.071326,-6.416692
596,94.040299,-10.813977,86.643634,-11.643767,97.524625,-7.974377,94.040325,-10.812845
597,91.425206,-15.094671,86.662010,-11.648292,97.114756,-8.477005,91.425627,-15.094682
598,95.125156,-10.329916,86.683280,-11.653264,96.995265,-8.611333,95.124579,-10.330743
599,100.372992,-9.535496,86.707100,-11.660867,97.253859,-8.683095,100.372851,-9.535135
600,94.745182,-7.992429,86.728221,-11.664420,97.097894,-8.638053,94.746168,-7.992496
601,91.765381,-3.420451,86.741573,-11.664034,96.737035,-8.272461,91.765141,-3.420724
602,88.876073,-7.985523,86.746017,-11.664167,96.190901,-8.252500,88.876063,-7.984701
603,90.588956,-11.161716,86.749394,-11.668976,95.801905,-8.460617,90.588543,-11.161841
604,84.478068,-8.755171,86.759689,-11.683108,95.018811,-8.494378,84.478767,-8.755670
605,87.482684,-9.832315,86.775639,-11.700769,94.506116,-8.604459,87.481874,-9.832006
606,95.799242,-11.604552,86.790852,-11.684815,94.610782,-8.799629,95.798772,-11.604487
607,96.603186,-14.270008,86.804482,-11.671852,94.762926,-9.170499,96.603848,-14.269929
608,98.221285,-15.148777,86.817793,-11.654719,95.017391,-9.573045,98.221213,-15.148934
609,100.151439,-15.961191,86.831289,-11.635153,95.389325,-10.002019,100.151412,-15.961197
610,100.899534,-14.554054,86.844033,-11.615489,95.786892,-10.302374,100.899637,-14.554248
611,104.783658,-12.742202,86.854161,-11.595725,96.426084,-10.454781,104.783385,-12.742237
612,109.893376,-6.384748,86.860695,-11.577168,97.374872,-10.152621,109.893270,-6.385141
613,112.448312,-2.943207,86.863121,-11.559616,98.432268,-9.631639,112.448531,-2.942956
614,100.992821,-3.104385,86.860021,-11.545770,98.608625,-9.161854,100.994021,-3.104076
615,82.104224,-8.435814,86.849199,-11.551262,97.443252,-9.116138,82.104858,-8.435374
616,71.399702,-8.831496,86.828920,-11.545689,95.601344,-9.091031,71.399005,-8.831915
617,67.280916,-10.488476,86.812428,-11.518514,93.603577,-9.163579,67.280358,-10.488367
618,75.113219,-7.589489,86.791456,-11.515433,92.289748,-9.050528,75.112210,-7.589875
619,90.942590,8.425072,86.772292,-11.477264,92.177624,-7.791738,90.941918,8.423973
620,102.635650,5.382487,86.761120,-11.491744,92.899296,-6.883009,102.635997,5.384077
621,109.612233,-5.815639,86.750730,-11.496663,94.059539,-6.812868,109.612627,-5.814958
622,109.828807,-11.109347,86.740476,-11.509301,95.153852,-7.125375,109.829369,-11.109838
623,96.055506,-6.720718,86.728713,-11.523009,95.206027,-7.109797,96.056664,-6.721519
624,91.394735,-8.504123,86.715836,-11.535361,94.927261,-7.218887,91.393984,-8.503615
625,93.276860,-6.915603,86.703467,-11.545738,94.800230,-7.207308,93.276323,-6.915880
626,103.054347,-2.907516,86.693770,-11.552854,95.369000,-6.912941,103.053701,-2.907713
627,106.292661,-0.652168,86.686050,-11.556562,96.126477,-6.478135,106.293194,-0.652025
628,105.748779,4.218790,86.678061,-11.559210,96.792608,-5.731813,105.749086,4.218578
629,114.091203,10.276245,86.669459,-11.562896,97.995510,-4.614677,114.090485,10.276149
630,134.702344,13.443560,86.660252,-11.568727,100.556426,-3.356023,134.701356,13.443792
631,157.925878,8.861080,86.651198,-11.578507,104.563867,-2.509921,157.925668,8.861701
632,162.472455,9.237509,86.643667,-11.585512,108.610464,-1.694115,162.473947,9.237113
633,125.297836,5.550814,86.637215,-11.584615,109.772580,-1.186137,125.301157,5.551138
634,96.755667,31.785002,86.629404,-11.583232,108.854132,1.123129,96.754983,31.782630
635,87.333181,-18.034155,86.621327,-11.577650,107.340154,-0.212689,87.331671,-18.028149
636,107.590838,-14.778176,86.613492,-11.585351,107.350416,-1.239435,107.588503,-14.782351
637,84.374730,-20.189419,86.606825,-11.580412,105.735917,-2.561341,84.378137,-20.188740
638,104.355968,-16.646355,86.601020,-11.585137,105.633922,-3.551686,104.352597,-16.647055
639,123.549302,6.219632,86.597449,-11.591703,106.884677,-2.873800,123.549362,6.218129
640,89.216656,7.503870,86.592963,-11.584667,105.643744,-2.140820,89.220804,7.505543
641,86.962320,-1.023488,86.587589,-11.579945,104.331046,-2.058215,86.959845,-1.022730
642,87.102448,-13.276590,86.582430,-11.576865,103.120247,-2.840637,87.102263,-13.276304
643,88.245970,-22.630235,86.577789,-11.576325,102.074731,-4.225406,88.245893,-22.630457
644,86.885670,-22.276928,86.574682,-11.575074,101.008608,-5.487850,86.885861,-22.277669
645,87.865820,-16.911520,86.574782,-11.571805,100.088705,-6.284466,87.865643,-16.911901
646,89.096471,-8.721654,86.578935,-11.570915,99.323111,-6.454242,89.096452,-8.721868
647,92.723999,-0.925699,86.586755,-11.567554,98.868446,-6.064118,92.723818,-0.925669
648,96.992965,-2.600737,86.597410,-11.564476,98.747072,-5.818819,96.992917,-2.600025
649,93.267510,-8.146904,86.610428,-11.563214,98.375608,-5.980611,93.268109,-8.146614
650,89.067293,-10.977958,86.625842,-11.564221,97.738362,-6.331362,89.067328,-10.978161
651,91.861200,-11.199720,86.646070,-11.564316,97.345773,-6.672236,91.860680,-11.199914
652,92.410961,-7.129282,86.670860,-11.570249,97.023390,-6.709747,92.411128,-7.129601
653,90.791628,-2.596511,86.691697,-11.560476,96.606545,-6.412731,90.791788,-2.596544
654,89.413411,-9.054403,86.704245,-11.552922,96.114696,-6.590623,89.413393,-9.053595
655,87.301915,-11.851545,86.710616,-11.542793,95.503726,-6.949467,87.301969,-11.851813
656,85.254026,-10.505832,86.717897,-11.539937,94.793019,-7.195757,85.254021,-10.506135
657,82.833514,-8.036604,86.726947,-11.546577,93.964269,-7.260791,82.833541,-8.036686
658,86.769393,-5.908569,86.739612,-11.559607,93.472407,-7.178254,86.768933,-5.908544
659,94.369788,-5.049923,86.754260,-11.546088,93.548846,-7.016697,94.369524,-5.049829
660,94.284404,-11.977296,86.769284,-11.532780,93.614308,-7.351563,94.284957,-11.976736
661,91.012913,-17.100537,86.782330,-11.519658,93.444343,-8.021788,91.013141,-17.100667
662,92.345318,-16.322033,86.795515,-11.501467,93.379673,-8.585887,92.344989,-16.322454
663,96.414976,-12.836362,86.808568,-11.480700,93.604283,-8.864107,96.414781,-12.836555
664,100.832062,-11.073837,86.819892,-11.460202,94.120759,-8.999725,100.832037,-11.073715
665,108.691774,-9.594593,86.828440,-11.440677,95.148680,-9.023208,108.691530,-9.594573
666,112.374976,-8.098907,86.833019,-11.424310,96.358779,-8.943286,112.375269,-8.098909
667,108.400302,-7.694048,86.832900,-11.410754,97.201575,-8.843232,108.400839,-7.693972
668,94.730804,-9.528843,86.827813,-11.401001,97.023890,-8.882154,94.731481,-9.528687
669,79.871187,-7.672862,86.815200,-11.402205,95.811471,-8.798623,79.871269,-7.673120
670,75.236190,1.987241,86.799887,-11.389528,94.356960,-8.031824,75.235480,1.986700
671,77.149537,11.334600,86.788503,-11.371115,93.141853,-6.659050,77.149085,11.334622
672,89.615876,9.270553,86.762388,-11.354607,92.870748,-5.528625,89.615148,9.271339
673,93.441143,19.044968,86.739475,-11.397141,92.889366,-3.848030,93.441736,19.044152
674,99.397282,6.717315,86.730308,-11.411219,93.336395,-3.121548,99.397138,6.718828
675,107.589073,-6.513446,86.716627,-11.428477,94.321360,-3.375032,107.588920,-6.513385
676,107.674219,-19.512067,86.702125,-11.448072,95.242573,-4.522847,107.674769,-19.512083
677,99.976397,-22.229798,86.691141,-11.463589,95.563726,-5.776765,99.976924,-22.230493
678,94.094396,-17.746032,86.680124,-11.478351,95.450626,-6.628342,94.094274,-17.746517
679,92.485941,-11.351852,86.668773,-11.492387,95.232542,-6.972041,92.485654,-11.351980
680,96.132632,-3.027942,86.658559,-11.505087,95.286050,-6.707765,96.132280,-3.028071
681,100.004571,4.730649,86.651984,-11.514632,95.610231,-5.915953,100.004556,4.730687
682,106.855414,8.615047,86.648413,-11.520662,96.394073,-4.904391,106.855216,8.615305
683,107.889563,15.780347,86.642538,-11.528562,97.193293,-3.463806,107.889948,15.780130
684,121.351563,22.050774,86.635290,-11.540924,98.877632,-1.689282,121.350742,22.050833
685,140.480768,15.386146,86.629437,-11.550764,101.784408,-0.503153,140.480395,15.386997
686,142.553413,18.509470,86.624448,-11.558788,104.633598,0.820268,142.554531,18.508829
687,130.569783,24.891849,86.620511,-11.560497,106.445470,2.503690,130.570702,24.891637
688,137.402722,24.573889,86.615467,-11.560786,108.607787,4.048335,137.401498,24.574326
689,41.843300,-26.985286,86.609345,-11.554367,103.928580,1.881951,41.849941,-26.981961
690,108.687743,-0.354845,86.604104,-11.561212,104.256846,1.719009,108.677247,-0.359899
691,99.969135,-15.835282,86.598981,-11.567601,103.951943,0.484267,99.973999,-15.832570
692,91.258231,-30.144992,86.593880,-11.573671,103.058638,-1.665426,91.258232,-30.145066
693,101.010793,-25.272391,86.589985,-11.579680,102.911667,-3.323502,101.009612,-25.273619
694,95.856193,-5.979367,86.587060,-11.585963,102.415064,-3.515256,95.857143,-5.980287
695,87.044779,-1.370191,86.584508,-11.580307,101.336770,-3.359841,87.045011,-1.369257
696,90.259752,-5.259399,86.582509,-11.576208,100.559520,-3.488999,90.258991,-5.258861
697,86.269001,-11.532663,86.581078,-11.574049,99.557853,-4.050047,86.269456,-11.532512
698,83.761077,-17.063411,86.579125,-11.573159,98.450262,-4.960154,83.760983,-17.063458
699,85.278765,-16.262380,86.576144,-11.574638,97.525485,-5.752686,85.278513,-16.262777
700,85.400397,-13.146777,86.571743,-11.575964,96.672636,-6.271505,85.400484,-13.146922
701,90.057174,-11.792209,86.567727,-11.576259,96.205818,-6.658229,90.056892,-11.792099
702,88.410111,-9.192036,86.566919,-11.575772,95.659368,-6.835143,88.410502,-9.192113
703,89.334701,-13.332598,86.570426,-11.578120,95.219902,-7.292148,89.334542,-13.332182
704,85.520368,-17.179551,86.578239,-11.582588,94.548201,-7.988422,85.520660,-17.179569
705,86.053948,-15.760589,86.589917,-11.588814,93.964464,-8.538264,86.053681,-15.760913
706,93.115926,-10.473146,86.605490,-11.582538,93.919549,-8.667869,93.115526,-10.473382
707,92.050891,-6.610206,86.623148,-11.581300,93.805165,-8.522681,92.051387,-6.610119
708,85.331423,-7.099435,86.642247,-11.577572,93.229766,-8.419587,85.331767,-7.099170
709,83.322576,-8.982519,86.662976,-11.568944,92.555540,-8.450968,83.322290,-8.982434
710,84.482099,-8.328447,86.681376,-11.560348,92.007511,-8.434397,84.481907,-8.328600
711,85.634527,-8.093810,86.693013,-11.559656,91.572225,-8.409913,85.634527,-8.093785
712,85.620089,-8.747754,86.702356,-11.566208,91.164264,-8.439655,85.620159,-8.747701
713,82.343784,-10.792610,86.715220,-11.577321,90.558794,-8.614696,82.343979,-10.792527
714,82.199474,-14.645850,86.725019,-11.592645,89.982755,-9.051128,82.199287,-14.645742
715,84.755425,-10.921865,86.732567,-11.600888,89.623861,-9.189746,84.755264,-10.922314
716,85.889595,-12.365442,86.743263,-11.600798,89.372410,-9.411961,85.889679,-12.365136
717,89.543707,-14.178449,86.757950,-11.605183,89.398060,-9.749693,89.543559,-14.178427
718,92.435081,-13.756876,86.771664,-11.604456,89.623405,-10.029520,92.435126,-13.757007
719,95.404169,-11.263028,86.783555,-11.601973,90.039117,-10.113556,95.404165,-11.263150
720,96.199618,-7.526840,86.793908,-11.595683,90.479980,-9.926636,96.199744,-7.526913
721,100.107885,-3.452582,86.802540,-11.588173,91.161962,-9.466469,100.107704,-3.452601
722,109.701616,-7.927877,86.809893,-11.579129,92.466576,-9.350356,109.701286,-7.927381
723,110.576633,-13.958282,86.815291,-11.570204,93.739300,-9.664611,110.577137,-13.958192
724,105.836196,-14.371603,86.817363,-11.563642,94.588010,-9.987998,105.836520,-14.371927
725,97.765788,-12.985926,86.815429,-11.560923,94.808656,-10.195324,97.765979,-12.986030
726,85.702831,-10.065818,86.809140,-11.559473,94.165399,-10.184910,85.703060,-10.065906
727,83.665333,-5.072894,86.798212,-11.551738,93.420231,-9.819875,83.664760,-5.073012
728,91.353786,5.491087,86.783228,-11.567793,93.261645,-8.763039,91.353232,5.490768
729,81.382067,20.088268,86.765489,-11.544598,92.413577,-6.721876,81.383068,20.088042
730,67.258472,28.553014,86.747567,-11.521642,90.636052,-4.231285,67.258707,28.553361
731,75.567127,25.065651,86.731054,-11.502325,89.565871,-2.162534,75.565863,25.066324
732,100.985181,6.807560,86.719071,-11.517911,90.354078,-1.549123,100.984221,6.808387
733,119.200922,-3.191257,86.712345,-11.528830,92.367102,-1.674227,119.201325,-3.191719
734,107.543009,-2.312345,86.705015,-11.543191,93.422598,-1.732251,107.544676,-2.312952
735,89.216761,-4.629247,86.699321,-11.530130,93.122895,-1.922894,89.217132,-4.629068
736,89.256393,-6.651027,86.696457,-11.523366,92.849576,-2.247573,89.255375,-6.651044
737,85.399947,-10.068133,86.692477,-11.513044,92.324401,-2.785412,85.400162,-10.068056
738,85.995684,-6.893307,86.684987,-11.498800,91.874425,-3.059718,85.995439,-6.893670
739,89.110610,0.351512,86.676501,-11.492068,91.673065,-2.814671,89.110471,0.351288
740,92.832049,9.238764,86.671805,-11.492678,91.749827,-1.971499,92.832016,9.238674
741,97.076075,17.238433,86.665588,-11.505708,92.116883,-0.638921,97.076047,17.238481
742,102.628249,21.279706,86.658759,-11.533132,92.846327,0.869879,102.628177,21.279920
743,108.382944,22.186801,86.654515,-11.563813,93.929944,2.333530,108.382933,22.186970
744,108.852880,19.263022,86.649629,-11.586125,94.970005,3.497844,108.853165,19.263229
745,107.505813,10.218773,86.643058,-11.596558,95.841401,3.958607,107.505910,10.219103
746,112.731379,2.031988,86.636218,-11.598151,97.017338,3.822262,112.731027,2.031943
747,121.044635,-6.183435,86.629032,-11.597758,98.692566,3.122229,121.044470,-6.183433
748,118.834005,-13.605565,86.620837,-11.605725,100.094845,1.943874,118.834566,-13.605608
749,118.726266,-21.331264,86.611607,-11.634457,101.390461,0.287893,118.726154,-21.331249
750,115.800658,-29.033092,86.606338,-11.678886,102.394275,-1.805895,115.800808,-29.033094
751,106.110872,-35.832284,86.600650,-11.713735,102.649147,-4.220152,106.111230,-35.832332
752,110.938583,-22.882456,86.597784,-11.734190,103.226742,-5.545536,110.937819,-22.883495
753,113.326068,-7.207510,86.597098,-11.753507,103.933056,-5.679839,113.326196,-7.207654
754,100.965078,-1.568189,86.596858,-11.779047,103.725075,-5.415776,100.965850,-1.567664
755,88.910870,6.485419,86.596806,-11.758859,102.688032,-4.563917,88.910854,6.485296
756,89.056557,14.509682,86.595630,-11.745151,101.732735,-3.216017,89.055922,14.509683
757,95.911478,17.436411,86.594179,-11.765679,101.323897,-1.789438,95.911130,17.436674
758,84.105370,16.027485,86.593454,-11.741419,100.117927,-0.519692,84.106334,16.027712
759,80.009144,3.459597,86.593597,-11.717789,98.710445,-0.219166,80.008747,3.460172
760,97.888007,12.811904,86.593869,-11.739725,98.653127,0.672609,97.886878,12.810775
761,94.293263,30.294707,86.593896,-11.757855,98.347962,2.729295,94.294363,30.294290
762,57.082908,35.305665,86.594037,-11.743442,95.459539,5.023045,57.084625,35.306303
763,48.082488,22.138693,86.593127,-11.729561,92.142299,6.234050,48.081053,22.139618
764,52.006357,3.580194,86.591414,-11.716531,89.331190,6.060398,52.005701,3.580468
765,62.324780,-13.182461,86.590026,-11.703795,87.439451,4.725242,62.324457,-13.182551
766,79.372061,-30.465403,86.588723,-11.689696,86.873522,2.275009,79.371722,-30.465377
767,107.166927,-44.729716,86.588466,-11.701851,88.293821,-1.026626,107.166386,-44.729869
768,103.452277,-10.448239,86.587936,-11.710595,89.354420,-1.694271,103.453856,-10.450672
769,92.309669,13.409597,86.588700,-11.720897,89.561998,-0.646581,92.310040,13.410118
770,74.858013,20.924070,86.592572,-11.711475,88.536320,0.872127,74.858327,20.924885
771,59.274055,18.308015,86.599025,-11.705826,86.493962,2.097893,59.273962,18.308518
772,59.081398,-2.953366,86.610085,-11.698954,84.585369,1.750696,59.080637,-2.952443
773,65.875901,-14.877216,86.628564,-11.693386,83.292891,0.591920,65.875556,-14.877676
774,70.980344,-22.562215,86.653750,-11.688630,82.454437,-1.024446,70.980428,-22.562423
775,69.055196,-25.739691,86.683372,-11.682154,81.544038,-2.748490,69.055541,-25.739912
776,72.205950,-18.755577,86.714011,-11.672785,80.918866,-3.860274,72.205701,-18.756074
777,75.273079,-8.500767,86.743122,-11.662592,80.550734,-4.175629,75.273083,-8.500927
778,73.761690,-2.788420,86.769921,-11.648442,80.100424,-4.065364,73.761913,-2.788199
779,74.649390,-1.961823,86.792730,-11.634689,79.740064,-3.905326,74.649274,-1.961586
780,74.669454,-10.477707,86.811850,-11.622695,79.402903,-4.354239,74.669496,-10.477256
781,75.662467,-13.519807,86.830614,-11.606550,79.158523,-4.980814,75.662420,-13.520070
782,83.041175,-16.784982,86.849397,-11.594540,79.447777,-5.795936,83.040869,-16.784972
783,91.793274,-18.147288,86.868622,-11.600318,80.329841,-6.665904,91.793208,-18.147380
784,81.007825,-15.627171,86.889001,-11.601767,80.396252,-7.294541,81.008757,-15.627356
785,72.823130,-16.879151,86.910112,-11.612287,79.885767,-7.975247,72.823006,-16.878972
786,83.511826,-22.411802,86.931267,-11.627897,80.159266,-9.000323,83.510931,-22.411599
787,92.354021,-19.413324,86.950357,-11.610863,81.030652,-9.713392,92.354108,-19.413726
788,89.631742,-16.464953,86.966681,-11.626743,81.647910,-10.200769,89.632287,-16.464952
789,92.263521,-14.822267,86.979803,-11.616644,82.403206,-10.514882,92.263269,-14.822204
790,96.007338,-7.026683,86.989531,-11.613757,83.364542,-10.268023,96.007286,-7.026972
791,99.824068,-1.153693,86.996060,-11.617204,84.522780,-9.633226,99.824064,-1.153603
792,99.601542,4.630375,87.000817,-11.621310,85.582718,-8.638592,99.601730,4.630379
793,95.260813,14.297251,87.005033,-11.624865,86.264106,-7.036389,95.261005,14.297071
794,93.658124,24.466027,87.008793,-11.624615,86.785183,-4.830987,93.657997,24.466003
795,85.873656,33.022075,87.011453,-11.627742,86.723851,-2.184181,85.873942,33.022149
796,82.571954,24.128497,87.014058,-11.635603,86.435640,-0.349605,82.571748,24.129300
797,81.522181,-2.208242,87.017676,-11.648549,86.095063,-0.491749,81.522078,-2.207441
798,79.765054,-20.354575,87.021027,-11.663371,85.655079,-1.895931,79.765087,-20.354950
799,91.404322,-21.825747,87.021316,-11.651725,86.057794,-3.280188,91.403710,-21.826507
800,101.072666,-19.466687,87.016671,-11.646331,87.104516,-4.408226,101.072756,-19.466862
801,108.745541,-19.435089,87.008063,-11.646393,88.611383,-5.460164,108.745632,-19.434983
802,107.533123,-20.444547,86.999600,-11.654869,89.928033,-6.516954,107.533526,-20.444500
803,103.056904,-19.108171,86.996527,-11.668754,90.844196,-7.411252,103.057052,-19.108277
804,101.086305,-9.280392,86.986432,-11.678140,91.551756,-7.550821,101.086192,-9.280774
805,106.915299,7.503013,86.968191,-11.696121,92.610240,-6.513774,106.914948,7.502701
806,117.265847,10.681944,86.954225,-11.724480,94.323144,-5.336448,117.265645,10.682552
807,127.493125,10.135604,86.942177,-11.742075,96.633838,-4.269768,127.493130,10.135771
808,137.290179,3.090559,86.925106,-11.769048,99.463905,-3.779630,137.290198,3.090847
809,140.197870,-1.015314,86.905302,-11.804088,102.296865,-3.618715,140.198175,-1.015445
810,141.961463,-4.568084,86.888504,-11.833734,105.057765,-3.712741,141.961514,-4.568109
811,147.840912,-7.074304,86.872674,-11.861531,108.037864,-3.973902,147.840731,-7.074350
812,145.053542,-19.857677,86.859634,-11.886319,110.616833,-5.108819,145.053923,-19.857225
813,140.612098,-34.665557,86.847774,-11.906213,112.705472,-7.196293,140.612170,-34.665468
814,137.239516,-34.004601,86.835562,-11.924302,114.411498,-9.089697,137.239469,-34.005277
815,143.513380,-25.014185,86.823992,-11.941432,116.437870,-10.220342,143.512960,-25.014548
816,153.545210,-10.013452,86.813517,-11.955994,119.025642,-10.219402,153.545047,-10.013713
817,160.265378,4.863891,86.804846,-11.967339,121.904359,-9.174123,160.265522,4.863897
818,159.666742,17.017652,86.796949,-11.973250,124.540382,-7.346196,159.667058,17.017770
819,152.467024,17.448759,86.788493,-11.976504,126.487383,-5.613575,152.467308,17.449264
820,149.976556,24.529540,86.781172,-11.982008,128.124816,-3.508676,149.976354,24.529254
821,132.152863,31.061808,86.772206,-11.988808,128.398442,-1.095066,132.153520,31.061832
822,114.889457,-1.294891,86.764324,-11.993719,127.445482,-1.113620,114.889433,-1.293229
823,114.448930,-45.598430,86.757029,-12.006432,126.528939,-4.239380,114.448214,-45.597921
824,65.198293,-29.835509,86.751318,-11.995339,122.230483,-6.020793,65.200367,-29.838060
825,125.159349,37.262035,86.746643,-12.008057,122.431155,-3.002823,125.154722,37.259859
826,89.938654,16.363892,86.741316,-11.996811,120.151726,-1.636694,89.942674,16.367610
827,84.793977,2.592757,86.736761,-11.990954,117.672447,-1.335185,84.792711,2.592457
828,90.896025,-0.449087,86.732191,-11.990495,115.793848,-1.272732,90.895552,-0.449538
829,88.294519,-8.057867,86.727396,-11.993927,113.864436,-1.750883,88.294884,-8.057676
830,88.283142,-15.132590,86.722654,-11.997914,112.069335,-2.691311,88.283034,-15.132613
831,91.576056,-19.470356,86.717908,-11.996626,110.630391,-3.864646,91.575918,-19.470470
832,88.840582,-21.939013,86.715254,-11.995404,109.102637,-5.128715,88.840833,-21.939090
833,85.629253,-21.966726,86.717026,-11.991457,107.461148,-6.303705,85.629273,-21.966827
834,84.550815,-17.239521,86.722735,-11.987761,105.862735,-7.065775,84.550727,-17.239717
835,87.686525,-13.839751,86.733545,-11.985019,104.600453,-7.537403,87.686351,-13.839696
836,89.321204,-13.617118,86.750691,-11.983724,103.546851,-7.961779,89.321266,-13.616987
837,89.913221,-14.364568,86.773423,-11.983183,102.613637,-8.409471,89.913264,-14.364528
838,89.640495,-12.899938,86.798377,-11.980197,101.728725,-8.721027,89.640530,-12.900028
839,97.659349,-5.743216,86.822048,-11.985296,101.465883,-8.517322,97.659011,-5.743449
840,96.860787,0.026652,86.842195,-11.986703,101.162263,-7.920552,96.861145,0.026709
841,97.746985,-6.476661,86.857451,-11.987102,100.937382,-7.819851,97.746917,-6.476164
842,97.491913,-12.584437,86.865464,-11.993969,100.703651,-8.159758,97.491959,-12.584453
843,90.953979,-19.383306,86.872317,-11.987466,100.027547,-8.939358,90.954232,-19.383278
844,88.393902,-23.072411,86.886333,-11.997028,99.226227,-9.937566,88.393743,-23.072537
845,92.168887,-23.126659,86.904810,-11.979050,98.749396,-10.844082,92.168633,-23.126803
846,90.279270,-20.319767,86.920232,-11.985885,98.170830,-11.513737,90.279496,-20.319882
847,88.169291,-13.495525,86.935379,-11.996117,97.484809,-11.661977,88.169300,-13.495685
848,88.950447,-3.686076,86.952139,-12.013778,96.902990,-11.120089,88.950332,-3.686195
849,89.147123,6.496685,86.967896,-12.036254,96.374733,-9.907818,89.147146,6.496670
850,90.445023,4.432726,86.981306,-12.059939,95.972125,-8.926007,90.444979,4.433210
851,93.500801,-6.689051,86.991708,-12.035912,95.808807,-8.747075,93.500732,-6.688692
852,96.238304,-11.193238,86.998194,-12.012659,95.844903,-8.896681,96.238316,-11.193498
853,100.131368,-12.040452,86.999795,-11.990840,96.146444,-9.096453,100.131322,-12.040595
854,103.672188,-12.889132,86.994081,-11.975278,96.667933,-9.347468,103.672202,-12.889132
855,104.443789,-17.618647,86.981002,-11.972965,97.200079,-9.924300,104.443897,-17.618496
856,100.625673,-15.894467,86.974140,-11.992038,97.433489,-10.359949,100.625852,-15.894719
857,90.715165,-10.600701,86.949140,-11.996379,96.939957,-10.380839,90.715401,-10.600839
858,85.467234,-7.121616,86.920863,-11.966531,96.110569,-10.124934,85.467053,-7.121544
859,83.571811,0.642733,86.904923,-11.936785,95.218031,-9.343534,83.571682,0.642568
860,88.282893,4.794094,86.889304,-11.921981,94.718046,-8.340132,88.282639,4.794232
861,91.263865,13.007265,86.875625,-11.935314,94.463532,-6.858215,91.263931,13.007108
862,89.724525,23.840596,86.863932,-11.925130,94.120927,-4.699826,89.724698,23.840497
863,86.734028,14.504241,86.853803,-11.918579,93.594424,-3.349449,86.734084,14.505011
864,104.035372,-17.212931,86.843916,-11.925037,94.316095,-4.325899,104.034600,-17.212079
865,113.708764,-18.157178,86.835808,-11.929996,95.666042,-5.298700,113.709053,-18.158346
866,103.758079,-15.854192,86.829674,-11.932692,96.226780,-6.040092,103.758821,-15.854315
867,93.737509,-16.410945,86.823601,-11.935061,96.046883,-6.768255,93.737511,-16.410837
868,88.143880,-8.216849,86.815761,-11.927543,95.486381,-6.862665,88.143714,-8.217178
869,95.321648,-1.765014,86.804915,-11.941434,95.464763,-6.518748,95.321168,-1.764950
870,102.763047,4.717198,86.794188,-11.955831,95.965667,-5.745621,102.763037,4.717197
871,114.030962,13.977321,86.785258,-11.964195,97.221933,-4.372793,114.030819,13.977218
872,150.405772,28.234165,86.777278,-11.966789,100.937380,-2.092719,150.404837,28.233979
873,176.011682,8.028147,86.769187,-11.968950,106.185057,-1.386267,176.012081,8.029427
874,153.805017,34.572910,86.761901,-11.972304,109.511678,1.127756,153.806789,34.571179
875,154.739670,44.741922,86.754615,-11.976184,112.670861,4.177138,154.738816,44.742526
876,68.613278,29.868186,86.747056,-11.972582,109.579800,5.978862,68.616486,29.869109
877,83.819298,-13.675710,86.740123,-11.966231,107.770118,4.608949,83.815574,-13.674656
878,103.906295,-1.694304,86.733681,-11.972988,107.493659,4.161436,103.906116,-1.696340
879,107.440634,-13.952050,86.726614,-11.979579,107.483375,2.887363,107.441239,-13.951164
880,89.651684,-23.725045,86.719847,-11.974764,106.228863,1.028972,89.652461,-23.725135
881,105.264210,-8.329216,86.714002,-11.977141,106.155902,0.371689,105.262996,-8.330131
882,99.585317,0.460275,86.708606,-11.977387,105.690942,0.377661,99.586089,0.460514
883,90.833624,-0.492129,86.703943,-11.978868,104.646593,0.315398,90.833736,-0.491776
884,88.853367,-5.113203,86.700919,-11.979267,103.538255,-0.064975,88.853123,-5.113071
885,89.446363,-12.357648,86.701091,-11.982190,102.551983,-0.928181,89.446271,-12.357554
886,88.117854,-16.155138,86.705423,-11.988035,101.545623,-1.999503,88.117923,-16.155261
887,86.092308,-12.176140,86.714961,-11.993782,100.472761,-2.717212,86.092333,-12.176419
888,89.621980,-4.853388,86.731962,-11.996101,99.729018,-2.868902,89.621782,-4.853507
889,97.462061,-2.284447,86.755017,-11.992624,99.591772,-2.824756,97.461908,-2.284278
890,93.645614,-10.139732,86.781573,-11.990656,99.200238,-3.334974,93.646029,-10.139362
891,91.429655,-12.274569,86.807141,-11.999900,98.680075,-3.969342,91.429598,-12.274772
892,95.649628,-10.667207,86.826104,-12.012204,98.485579,-4.449636,95.649401,-10.667340
893,95.432712,-10.310352,86.837231,-12.015240,98.282226,-4.862710,95.432868,-10.310308
894,94.353935,-8.743746,86.844047,-12.016672,98.013585,-5.135714,94.353965,-8.743788
895,89.496218,-10.179153,86.850845,-12.025951,97.423692,-5.497385,89.496351,-10.179048
896,92.373843,-11.093812,86.860557,-12.007997,97.079234,-5.872437,92.373572,-11.093830
897,93.208111,-8.283792,86.874530,-11.986280,96.821250,-6.021035,93.208183,-8.283922
898,90.610051,-4.721986,86.890739,-12.002501,96.401541,-5.945187,90.610171,-4.722014
899,88.470421,-12.155403,86.907494,-12.025541,95.861945,-6.401329,88.470405,-12.155022
900,86.706376,-18.549272,86.923181,-12.047429,95.235644,-7.272041,86.706363,-18.549308
901,90.094574,-19.602914,86.937085,-12.066931,94.888700,-8.153339,90.094396,-19.603099
902,87.520017,-21.075616,86.948612,-12.085843,94.383612,-9.075487,87.520222,-21.075601
903,92.476857,-15.276872,86.958026,-12.067291,94.258894,-9.492330,92.476598,-15.277121
904,98.093901,-15.115962,86.963854,-12.048933,94.532765,-9.868911,98.093878,-15.115769
905,100.735625,-7.517059,86.965058,-12.031473,94.968085,-9.688045,100.735727,-7.517314
906,104.915395,1.292144,86.959159,-12.019833,95.658911,-8.908606,104.915342,1.292102
907,107.099865,2.736488,86.944682,-12.019407,96.446314,-8.093054,107.099932,2.736738
908,109.867562,-0.461374,86.929588,-12.039184,97.371764,-7.577228,109.867542,-0.461217
909,102.698170,-7.750195,86.907810,-12.044860,97.724359,-7.594615,102.698506,-7.750056
910,83.832353,-12.690716,86.882201,-12.006881,96.728102,-7.916022,83.832748,-12.690794
911,79.473188,-14.141658,86.869724,-11.991582,95.508654,-8.337587,79.472700,-14.141777
912,76.903756,-8.363432,86.856632,-11.980703,94.194135,-8.329280,76.903696,-8.363675
913,82.435735,-6.597714,86.843052,-11.968631,93.358418,-8.196843,82.435463,-6.597579
914,74.897060,0.634447,86.831599,-11.954825,92.055472,-7.565813,74.897497,0.634265
915,76.437202,5.599983,86.820493,-11.942735,90.951864,-6.632963,76.436900,5.600058
916,98.046316,-2.188936,86.809166,-11.953359,91.437942,-6.331762,98.045649,-2.188513
917,117.283344,-7.526274,86.798699,-11.959980,93.237386,-6.421535,117.283422,-7.526355
918,106.787510,-0.031912,86.792918,-11.962798,94.180518,-5.976882,106.788494,-0.032336
919,85.819806,-3.507473,86.788289,-11.958942,93.590964,-5.800438,85.820152,-3.507111
920,89.204281,-7.389190,86.781196,-11.950111,93.277299,-5.903438,89.203480,-7.389176
921,90.573987,-0.177910,86.772412,-11.937522,93.079898,-5.490943,90.574053,-0.178274
922,94.539111,7.617948,86.763911,-11.951056,93.174137,-4.585907,94.539026,7.617928
923,96.396697,17.237322,86.755917,-11.960703,93.392282,-3.067253,96.396766,17.237262
924,107.278651,17.822787,86.749145,-11.960348,94.358029,-1.604620,107.278357,17.823081
925,137.497024,9.629593,86.742315,-11.962625,97.371408,-0.820342,137.496396,9.629879
926,155.804527,6.013008,86.735922,-11.967771,101.455781,-0.346794,155.804913,6.012860
927,116.598688,27.402571,86.730930,-11.972216,102.511142,1.591528,116.600548,27.401763
928,148.143000,25.669641,86.726774,-11.973272,105.701506,3.276014,148.140718,25.670387
929,46.279603,-20.149247,86.722504,-11.968443,101.538002,1.640737,46.283895,-20.147828
930,115.794729,8.098850,86.717572,-11.976154,102.531386,2.085633,115.789228,8.096473
931,96.387094,-18.521044,86.710491,-11.983443,102.094700,0.636387,96.389941,-18.519288
932,106.650168,-19.735845,86.702823,-11.987066,102.406452,-0.793039,106.649221,-19.736656
933,100.769091,-5.971835,86.695396,-11.986604,102.284929,-1.155124,100.769605,-5.972312
934,103.625430,10.866492,86.688487,-11.982112,102.372339,-0.309434,103.625153,10.866395
935,87.401703,6.283925,86.682996,-11.984608,101.319288,0.149780,87.402308,6.284604
936,90.150726,-4.309336,86.680874,-11.986186,100.535515,-0.163826,90.150126,-4.309146
937,86.035460,-16.942117,86.684144,-11.991529,99.523553,-1.343275,86.035677,-16.942052
938,85.580604,-20.441639,86.693194,-11.996772,98.555962,-2.685037,85.580489,-20.441926
939,85.349689,-19.748521,86.705231,-11.998293,97.642718,-3.880895,85.349682,-19.748653
940,89.605271,-16.265127,86.720492,-11.997203,97.094290,-4.746777,89.605130,-16.265214
941,93.632547,-4.559470,86.741541,-11.998191,96.871543,-4.734584,93.632554,-4.559727
942,91.750922,-4.866600,86.767859,-12.000965,96.537575,-4.746406,91.751106,-4.866226
943,93.705729,-9.117686,86.793818,-12.007916,96.363488,-5.058860,93.705610,-9.117563
944,92.143231,-8.737523,86.813411,-12.008448,96.086291,-5.316861,92.143340,-8.737667
945,95.487880,-10.670381,86.821861,-12.009732,96.052261,-5.692801,95.487728,-10.670309
946,95.286141,-11.165290,86.823254,-12.014714,95.999929,-6.080509,95.286250,-11.165334
947,94.073265,-8.619496,86.828722,-12.010738,95.870147,-6.254540,94.073296,-8.619590
948,89.031176,-13.012598,86.844886,-12.028917,95.406452,-6.744511,89.031294,-13.012385
949,92.226691,-12.704300,86.864170,-12.007612,95.201803,-7.141882,92.226439,-12.704443
950,86.181692,-9.743836,86.880002,-12.018055,94.585119,-7.333731,86.181974,-9.743918
951,84.049789,-14.537150,86.895071,-12.033423,93.861659,-7.852263,84.049670,-14.536914
952,89.200118,-16.436254,86.910801,-12.053602,93.549980,-8.471908,89.199897,-16.436343
953,93.879997,-14.805489,86.925411,-12.033487,93.586669,-8.896553,93.880012,-14.805595
954,94.049056,-10.893891,86.938040,-12.013431,93.630781,-9.017714,94.049192,-10.893960
955,94.144346,-11.881164,86.947175,-11.994261,93.675226,-9.200328,94.144348,-11.881016
956,94.506218,-15.919275,86.951786,-11.976325,93.737684,-9.653973,94.506210,-15.919183
957,98.496698,-11.919171,86.951055,-11.960526,94.070135,-9.797844,98.496589,-11.919413
958,107.276030,-0.982308,86.942195,-11.951091,94.986307,-9.171982,107.275886,-0.982516
959,110.410435,2.459965,86.924253,-11.950973,96.049310,-8.357635,110.410603,2.460189
960,110.664092,1.494499,86.911443,-11.975942,97.060432,-7.691207,110.664179,1.494630
961,104.346830,-3.428447,86.886271,-11.980036,97.547070,-7.396622,104.347026,-3.428329
962,82.764551,-6.307480,86.863475,-11.953722,96.491093,-7.295910,82.765005,-6.307540
963,71.690013,-8.574350,86.853080,-11.942900,94.745351,-7.375336,71.689702,-8.574369
964,66.279116,-7.702135,86.837130,-11.928479,92.737880,-7.384801,66.278949,-7.702228
965,75.317907,-9.542543,86.824541,-11.912819,91.506774,-7.521279,75.317481,-9.542463
966,86.644935,-0.503248,86.812244,-11.895227,91.155009,-7.013656,86.644867,-0.503568
967,98.819879,11.398998,86.798722,-11.910115,91.678976,-5.738616,98.819855,11.398913
968,105.211379,4.252353,86.785857,-11.923167,92.614279,-5.051386,105.211548,4.252911
969,101.995763,-15.142648,86.776237,-11.931362,93.262036,-5.765396,101.996044,-15.142290
970,106.918169,-12.150469,86.770430,-11.938057,94.212565,-6.218578,106.917932,-12.151121
971,93.198126,-10.760587,86.763900,-11.947016,94.135481,-6.544850,93.198668,-10.760540
972,89.871779,-8.171386,86.755374,-11.936625,93.829093,-6.649044,89.871477,-8.171420
973,93.989139,0.155310,86.744846,-11.952505,93.830505,-6.187508,93.988924,0.155144
974,98.877258,2.607463,86.736379,-11.965366,94.175904,-5.583820,98.877236,2.607633
975,98.704029,10.559073,86.728696,-11.967872,94.485727,-4.456148,98.704175,10.558915
976,111.093983,23.985173,86.721101,-11.966353,95.641242,-2.463844,111.093622,23.985016
977,133.307453,21.401103,86.713329,-11.966247,98.270649,-0.793199,133.307171,21.401562
978,155.140481,3.134332,86.706290,-11.968454,102.244991,-0.520324,155.140492,3.134781
979,148.540916,-2.982523,86.700742,-11.970187,105.480546,-0.694289,148.541727,-2.982869
980,130.289787,-1.617601,86.695491,-11.970296,107.212309,-0.759022,130.290119,-1.617814
981,65.898426,-4.135042,86.691069,-11.964054,104.316224,-0.989539,65.899737,-4.134932
982,104.930869,11.074055,86.686484,-11.973196,104.354986,-0.153589,104.927938,11.073552
983,104.018960,-14.312764,86.680158,-11.982149,104.325581,-1.153058,104.020089,-14.311617
984,92.112131,-16.379583,86.673631,-11.984222,103.464569,-2.220843,92.112441,-16.380241
985,101.060459,-6.259033,86.668040,-11.982333,103.291082,-2.501759,101.059873,-6.259376
986,110.857986,3.193301,86.663266,-11.981026,103.816326,-2.101890,110.857962,3.193320
987,90.659672,6.169545,86.660005,-11.978019,102.892327,-1.520092,90.660513,6.169726
988,86.418344,1.726675,86.659187,-11.975836,101.738387,-1.290789,86.417898,1.726882
989,87.250849,-9.828383,86.661659,-11.977089,100.726559,-1.889586,87.250708,-9.828184
990,84.067243,-18.608549,86.668312,-11.978789,99.566594,-3.061494,84.067355,-18.608626
991,83.441821,-16.584881,86.679637,-11.981973,98.448392,-4.011092,83.441750,-16.585181
992,85.026482,-11.960755,86.695302,-11.986005,97.523427,-4.571318,85.026421,-11.960827
993,91.563331,-10.778002,86.713694,-11.982587,97.123325,-5.002607,91.563194,-10.777907
994,91.355885,-6.002163,86.736329,-11.978540,96.740654,-5.068812,91.356071,-6.002262
995,89.684051,-13.753713,86.762997,-11.975855,96.271493,-5.674259,89.684091,-13.753369
996,87.664361,-16.453209,86.783985,-11.970927,95.688513,-6.424202,87.664370,-16.453347
997,93.056535,-13.764827,86.795971,-11.974136,95.515421,-6.941030,93.056332,-13.764974
998,90.234132,-10.001127,86.805533,-11.974833,95.154624,-7.155885,90.234356,-10.001157
999,91.142733,-4.987342,86.819891,-11.956534,94.887144,-6.987069,91.142632,-4.987376
1000,89.684917,-4.228086,86.837894,-11.981603,94.539732,-6.817254,89.684982,-4.227971
1001,91.542130,-10.297942,86.855303,-11.966105,94.346090,-7.046489,91.542040,-10.297755
